bc it 0 beta 1.00: 65536 samples, loss 1.055, agree 57.2 %, 4 s | driving: 400 journeys: arrived 92.2 %, fell 1 | clutt 92 doorw 87 stair 88 corne 96 mover 100 low 93 mixed 95
bc it 1 beta 0.89: 131072 samples, loss 0.931, agree 62.2 %, 5 s | driving: 400 journeys: arrived 90.8 %, fell 0 | clutt 91 doorw 91 stair 92 corne 92 mover 95 low 91 mixed 84
bc it 2 beta 0.78: 196608 samples, loss 0.879, agree 64.6 %, 6 s | driving: 400 journeys: arrived 88.8 %, fell 5 | clutt 74 doorw 88 stair 91 corne 96 mover 88 low 92 mixed 85
bc it 3 beta 0.67: 262144 samples, loss 0.857, agree 65.6 %, 7 s | driving: 400 journeys: arrived 89.2 %, fell 3 | clutt 85 doorw 87 stair 89 corne 95 mover 97 low 88 mixed 83
bc it 4 beta 0.56: 327680 samples, loss 0.851, agree 66.1 %, 8 s | driving: 400 journeys: arrived 90.8 %, fell 3 | clutt 90 doorw 88 stair 89 corne 93 mover 100 low 100 mixed 79
bc it 5 beta 0.44: 393216 samples, loss 0.860, agree 66.1 %, 8 s | driving: 400 journeys: arrived 86.8 %, fell 4 | clutt 90 doorw 81 stair 84 corne 91 mover 91 low 93 mixed 79
bc it 6 beta 0.33: 458752 samples, loss 0.868, agree 66.1 %, 8 s | driving: 400 journeys: arrived 86.0 %, fell 5 | clutt 79 doorw 77 stair 92 corne 93 mover 98 low 93 mixed 70
bc it 7 beta 0.22: 524288 samples, loss 0.879, agree 65.9 %, 9 s | driving: 400 journeys: arrived 83.0 %, fell 3 | clutt 65 doorw 68 stair 89 corne 92 mover 91 low 89 mixed 77
bc it 8 beta 0.11: 589824 samples, loss 0.894, agree 65.7 %, 10 s | driving: 400 journeys: arrived 81.8 %, fell 7 | clutt 58 doorw 82 stair 84 corne 96 mover 97 low 93 mixed 61
bc it 9 beta 0.00: 655360 samples, loss 0.915, agree 65.1 %, 10 s | driving: 400 journeys: arrived 77.2 %, fell 10 | clutt 64 doorw 53 stair 89 corne 92 mover 93 low 87 mixed 53
bc bench (held-out):
family     brain             n arrive%  hole   tip   off  tout  fail    secs  bumps  mbump   rim_m
ALL        bc              420    78.1     0     7     0    83     2    98.3   1.71   0.04   0.112
ALL        expert          420    94.5     0     1     0    18     4    76.1   0.38   0.00   0.158
ALL        stick           420    83.6     0    55     0    11     3    79.4  15.40   0.21   0.087
clutter    bc               60    46.7     0     3     0    29     0    89.1   5.75   0.00  -1.000
clutter    expert           60    91.7     0     0     0     5     0    63.7   0.32   0.00  -1.000
clutter    stick            60    53.3     0    23     0     5     0    73.2  44.80   0.00  -1.000
corners    bc               60    98.3     0     0     0     1     0   111.8   0.30   0.00  -1.000
corners    expert           60    95.0     0     0     0     2     1   110.4   0.02   0.00  -1.000
corners    stick            60    95.0     0     0     0     0     3   109.5   0.00   0.00  -1.000
doorway    bc               60    58.3     0     2     0    23     0   108.8   2.82   0.00  -1.000
doorway    expert           60    95.0     0     0     0     3     0    78.7   0.62   0.00  -1.000
doorway    stick            60    70.0     0    14     0     4     0    87.4  32.88   0.00  -1.000
low        bc               60    93.3     0     0     0     4     0    78.0   0.13   0.00  -1.000
low        expert           60    96.7     0     0     0     1     1    56.3   0.00   0.00  -1.000
low        stick            60    96.7     0     2     0     0     0    58.3   1.08   0.00  -1.000
mixed      bc               60    65.0     0     2     0    19     0   127.8   2.77   0.08   0.171
mixed      expert           60    91.7     0     1     0     4     0    84.0   1.68   0.00   0.191
mixed      stick            60    71.7     0    15     0     2     0    88.5  28.73   0.68   0.211
movers     bc               60    95.0     0     0     0     3     0    85.0   0.18   0.20  -1.000
movers     expert           60   100.0     0     0     0     0     0    66.8   0.00   0.00  -1.000
movers     stick            60    98.3     0     1     0     0     0    62.6   0.27   0.78  -1.000
stairwell  bc               60    90.0     0     0     0     4     2    95.1   0.00   0.00   0.112
stairwell  expert           60    91.7     0     0     0     3     2    73.6   0.00   0.00   0.158
stairwell  stick            60   100.0     0     0     0     0     0    78.6   0.00   0.00   0.087

ppo 0: reward/step +0.001, pg +0.006 v 0.872 ent 1.044 bc 1.378 (x0.50), 2 s | 203 journeys: arrived 95.6 %, fell 6 | clutt 100 doorw 100 stair 98 corne 92 mover 97 low 97 mixed 85
ppo 1: reward/step -0.007, pg -0.010 v 1.035 ent 1.065 bc 1.357 (x0.50), 3 s | 477 journeys: arrived 86.8 %, fell 15 | clutt 67 doorw 77 stair 89 corne 93 mover 95 low 98 mixed 76
ppo 2: reward/step -0.003, pg -0.014 v 1.142 ent 1.104 bc 1.362 (x0.50), 2 s | 600 journeys: arrived 83.3 %, fell 17 | clutt 65 doorw 67 stair 90 corne 95 mover 96 low 94 mixed 68
ppo 3: reward/step -0.004, pg -0.016 v 1.118 ent 1.127 bc 1.335 (x0.50), 3 s | 600 journeys: arrived 83.3 %, fell 17 | clutt 71 doorw 67 stair 90 corne 98 mover 100 low 91 mixed 59
ppo 4: reward/step -0.002, pg -0.014 v 1.190 ent 1.145 bc 1.353 (x0.49), 2 s | 600 journeys: arrived 82.8 %, fell 14 | clutt 73 doorw 69 stair 85 corne 95 mover 98 low 96 mixed 64
ppo 5: reward/step -0.001, pg -0.015 v 1.170 ent 1.149 bc 1.348 (x0.49), 2 s | 600 journeys: arrived 82.8 %, fell 18 | clutt 64 doorw 76 stair 88 corne 92 mover 98 low 96 mixed 67
ppo 6: reward/step +0.005, pg -0.016 v 1.012 ent 1.151 bc 1.342 (x0.49), 2 s | 600 journeys: arrived 83.5 %, fell 11 | clutt 61 doorw 78 stair 91 corne 93 mover 100 low 94 mixed 68
ppo 7: reward/step +0.001, pg -0.015 v 1.259 ent 1.150 bc 1.313 (x0.49), 3 s | 600 journeys: arrived 85.2 %, fell 12 | clutt 61 doorw 77 stair 89 corne 98 mover 98 low 94 mixed 68
ppo 8: reward/step +0.006, pg -0.014 v 1.007 ent 1.157 bc 1.320 (x0.49), 3 s | 600 journeys: arrived 86.0 %, fell 12 | clutt 60 doorw 79 stair 90 corne 100 mover 97 low 94 mixed 65
ppo 9: reward/step +0.004, pg -0.016 v 1.036 ent 1.165 bc 1.323 (x0.49), 3 s | 600 journeys: arrived 85.3 %, fell 7 | clutt 61 doorw 76 stair 92 corne 96 mover 98 low 93 mixed 66
ppo 10: reward/step -0.000, pg -0.015 v 1.168 ent 1.173 bc 1.315 (x0.49), 3 s | 600 journeys: arrived 83.3 %, fell 9 | clutt 59 doorw 71 stair 90 corne 93 mover 98 low 94 mixed 67
ppo 11: reward/step -0.001, pg -0.015 v 1.213 ent 1.189 bc 1.334 (x0.49), 2 s | 600 journeys: arrived 83.5 %, fell 13 | clutt 67 doorw 74 stair 92 corne 94 mover 98 low 94 mixed 62
ppo 12: reward/step -0.002, pg -0.015 v 1.302 ent 1.188 bc 1.341 (x0.48), 3 s | 600 journeys: arrived 83.2 %, fell 17 | clutt 63 doorw 67 stair 92 corne 94 mover 98 low 99 mixed 62
ppo 13: reward/step +0.004, pg -0.015 v 1.166 ent 1.197 bc 1.320 (x0.48), 3 s | 600 journeys: arrived 82.5 %, fell 18 | clutt 66 doorw 62 stair 94 corne 93 mover 96 low 97 mixed 61
ppo 14: reward/step +0.004, pg -0.015 v 1.033 ent 1.207 bc 1.320 (x0.48), 2 s | 600 journeys: arrived 85.8 %, fell 9 | clutt 78 doorw 71 stair 97 corne 93 mover 93 low 94 mixed 67
ppo 15: reward/step +0.002, pg -0.016 v 1.104 ent 1.215 bc 1.305 (x0.48), 3 s | 600 journeys: arrived 86.0 %, fell 9 | clutt 77 doorw 77 stair 93 corne 94 mover 94 low 94 mixed 69
ppo 16: reward/step +0.004, pg -0.017 v 1.000 ent 1.196 bc 1.306 (x0.48), 3 s | 600 journeys: arrived 85.5 %, fell 10 | clutt 79 doorw 74 stair 91 corne 94 mover 96 low 96 mixed 70
ppo 17: reward/step +0.006, pg -0.016 v 1.028 ent 1.206 bc 1.320 (x0.48), 3 s | 600 journeys: arrived 86.5 %, fell 6 | clutt 74 doorw 72 stair 95 corne 92 mover 99 low 97 mixed 73
ppo 18: reward/step +0.003, pg -0.014 v 1.280 ent 1.215 bc 1.326 (x0.48), 3 s | 600 journeys: arrived 85.2 %, fell 11 | clutt 65 doorw 69 stair 94 corne 93 mover 99 low 96 mixed 70
ppo 19: reward/step +0.009, pg -0.016 v 1.045 ent 1.209 bc 1.295 (x0.48), 3 s | 600 journeys: arrived 85.2 %, fell 10 | clutt 62 doorw 70 stair 92 corne 93 mover 100 low 97 mixed 72
bench at 19: arrived 300/420, fell 9 (holes 0, tipped 9), off 0, timeout 107, failed 4, secs 97.8, bumps 1.00
  best so far (update 19)
ppo 20: reward/step +0.004, pg -0.016 v 1.153 ent 1.206 bc 1.302 (x0.47), 3 s | 600 journeys: arrived 85.5 %, fell 10 | clutt 55 doorw 76 stair 95 corne 94 mover 100 low 97 mixed 69
ppo 21: reward/step +0.006, pg -0.016 v 1.066 ent 1.213 bc 1.304 (x0.47), 3 s | 600 journeys: arrived 84.5 %, fell 13 | clutt 60 doorw 75 stair 96 corne 97 mover 100 low 97 mixed 61
ppo 22: reward/step +0.004, pg -0.015 v 1.099 ent 1.193 bc 1.283 (x0.47), 3 s | 600 journeys: arrived 85.7 %, fell 14 | clutt 75 doorw 76 stair 95 corne 95 mover 100 low 98 mixed 60
ppo 23: reward/step -0.001, pg -0.015 v 1.190 ent 1.199 bc 1.310 (x0.47), 3 s | 600 journeys: arrived 85.0 %, fell 15 | clutt 65 doorw 74 stair 95 corne 95 mover 100 low 98 mixed 60
ppo 24: reward/step -0.001, pg -0.014 v 1.286 ent 1.218 bc 1.325 (x0.47), 3 s | 600 journeys: arrived 83.0 %, fell 16 | clutt 63 doorw 71 stair 93 corne 91 mover 98 low 97 mixed 62
ppo 25: reward/step -0.001, pg -0.015 v 1.342 ent 1.216 bc 1.339 (x0.47), 3 s | 600 journeys: arrived 82.0 %, fell 16 | clutt 66 doorw 69 stair 88 corne 86 mover 97 low 95 mixed 72
ppo 26: reward/step -0.001, pg -0.016 v 1.287 ent 1.208 bc 1.303 (x0.47), 3 s | 600 journeys: arrived 82.5 %, fell 16 | clutt 63 doorw 64 stair 91 corne 93 mover 95 low 96 mixed 72
ppo 27: reward/step +0.004, pg -0.015 v 1.152 ent 1.184 bc 1.263 (x0.47), 3 s | 600 journeys: arrived 83.3 %, fell 15 | clutt 65 doorw 69 stair 93 corne 96 mover 91 low 97 mixed 65
ppo 28: reward/step +0.007, pg -0.015 v 1.263 ent 1.201 bc 1.279 (x0.46), 3 s | 600 journeys: arrived 84.0 %, fell 15 | clutt 62 doorw 74 stair 94 corne 95 mover 97 low 97 mixed 61
ppo 29: reward/step +0.005, pg -0.014 v 1.087 ent 1.194 bc 1.285 (x0.46), 3 s | 600 journeys: arrived 85.7 %, fell 14 | clutt 64 doorw 71 stair 93 corne 95 mover 98 low 100 mixed 71
ppo 30: reward/step +0.004, pg -0.015 v 1.113 ent 1.212 bc 1.296 (x0.46), 3 s | 600 journeys: arrived 84.5 %, fell 12 | clutt 66 doorw 72 stair 90 corne 93 mover 99 low 97 mixed 70
ppo 31: reward/step +0.005, pg -0.015 v 1.239 ent 1.199 bc 1.284 (x0.46), 3 s | 600 journeys: arrived 82.7 %, fell 14 | clutt 59 doorw 70 stair 89 corne 94 mover 99 low 93 mixed 64
ppo 32: reward/step +0.006, pg -0.015 v 1.163 ent 1.221 bc 1.304 (x0.46), 3 s | 600 journeys: arrived 84.3 %, fell 15 | clutt 76 doorw 59 stair 92 corne 94 mover 99 low 96 mixed 67
ppo 33: reward/step +0.001, pg -0.014 v 1.050 ent 1.238 bc 1.339 (x0.46), 3 s | 600 journeys: arrived 84.8 %, fell 11 | clutt 89 doorw 61 stair 95 corne 93 mover 99 low 92 mixed 65
ppo 34: reward/step +0.003, pg -0.014 v 1.150 ent 1.220 bc 1.288 (x0.46), 3 s | 600 journeys: arrived 84.7 %, fell 11 | clutt 77 doorw 67 stair 95 corne 94 mover 99 low 94 mixed 63
ppo 35: reward/step +0.000, pg -0.014 v 1.112 ent 1.224 bc 1.309 (x0.46), 3 s | 600 journeys: arrived 82.3 %, fell 13 | clutt 61 doorw 63 stair 92 corne 93 mover 100 low 96 mixed 66
ppo 36: reward/step +0.005, pg -0.015 v 1.089 ent 1.216 bc 1.277 (x0.46), 3 s | 600 journeys: arrived 81.0 %, fell 12 | clutt 57 doorw 61 stair 91 corne 91 mover 97 low 97 mixed 68
ppo 37: reward/step +0.004, pg -0.014 v 1.137 ent 1.207 bc 1.283 (x0.45), 3 s | 600 journeys: arrived 82.3 %, fell 16 | clutt 65 doorw 73 stair 94 corne 92 mover 94 low 96 mixed 57
ppo 38: reward/step +0.008, pg -0.015 v 0.968 ent 1.203 bc 1.247 (x0.45), 3 s | 600 journeys: arrived 85.2 %, fell 15 | clutt 67 doorw 76 stair 95 corne 94 mover 94 low 95 mixed 63
ppo 39: reward/step +0.005, pg -0.016 v 1.136 ent 1.217 bc 1.284 (x0.45), 3 s | 600 journeys: arrived 85.5 %, fell 13 | clutt 70 doorw 66 stair 95 corne 93 mover 96 low 96 mixed 77
bench at 39: arrived 314/420, fell 3 (holes 0, tipped 3), off 0, timeout 100, failed 3, secs 98.2, bumps 1.13
  best so far (update 39)
ppo 40: reward/step +0.006, pg -0.015 v 1.104 ent 1.232 bc 1.320 (x0.45), 3 s | 600 journeys: arrived 85.0 %, fell 15 | clutt 75 doorw 70 stair 90 corne 97 mover 98 low 98 mixed 63
ppo 41: reward/step +0.004, pg -0.014 v 1.067 ent 1.226 bc 1.288 (x0.45), 3 s | 600 journeys: arrived 85.2 %, fell 12 | clutt 72 doorw 75 stair 88 corne 98 mover 97 low 100 mixed 56
ppo 42: reward/step +0.006, pg -0.015 v 0.951 ent 1.224 bc 1.278 (x0.45), 3 s | 600 journeys: arrived 85.7 %, fell 7 | clutt 70 doorw 68 stair 95 corne 96 mover 97 low 100 mixed 69
ppo 43: reward/step -0.000, pg -0.012 v 1.351 ent 1.228 bc 1.321 (x0.45), 3 s | 600 journeys: arrived 85.0 %, fell 12 | clutt 69 doorw 68 stair 97 corne 95 mover 98 low 100 mixed 69
ppo 44: reward/step +0.003, pg -0.013 v 1.150 ent 1.230 bc 1.296 (x0.45), 3 s | 600 journeys: arrived 84.2 %, fell 18 | clutt 72 doorw 68 stair 94 corne 93 mover 98 low 100 mixed 66
ppo 45: reward/step +0.008, pg -0.015 v 1.040 ent 1.213 bc 1.274 (x0.44), 3 s | 600 journeys: arrived 85.7 %, fell 15 | clutt 74 doorw 65 stair 96 corne 94 mover 99 low 98 mixed 70
ppo 46: reward/step +0.009, pg -0.017 v 0.948 ent 1.211 bc 1.268 (x0.44), 3 s | 600 journeys: arrived 87.3 %, fell 9 | clutt 81 doorw 76 stair 98 corne 95 mover 98 low 96 mixed 59
ppo 47: reward/step +0.007, pg -0.018 v 0.872 ent 1.216 bc 1.278 (x0.44), 3 s | 600 journeys: arrived 87.2 %, fell 4 | clutt 79 doorw 85 stair 94 corne 96 mover 100 low 96 mixed 58
ppo 48: reward/step +0.008, pg -0.014 v 0.996 ent 1.241 bc 1.305 (x0.44), 3 s | 600 journeys: arrived 86.0 %, fell 5 | clutt 74 doorw 72 stair 94 corne 96 mover 97 low 98 mixed 67
ppo 49: reward/step +0.004, pg -0.014 v 1.059 ent 1.234 bc 1.302 (x0.44), 2 s | 600 journeys: arrived 85.0 %, fell 11 | clutt 72 doorw 67 stair 94 corne 92 mover 97 low 100 mixed 71
ppo 50: reward/step +0.008, pg -0.015 v 1.103 ent 1.230 bc 1.294 (x0.44), 2 s | 600 journeys: arrived 84.7 %, fell 13 | clutt 65 doorw 75 stair 91 corne 93 mover 99 low 100 mixed 63
ppo 51: reward/step +0.004, pg -0.014 v 1.190 ent 1.215 bc 1.263 (x0.44), 2 s | 600 journeys: arrived 87.5 %, fell 12 | clutt 65 doorw 82 stair 93 corne 96 mover 98 low 100 mixed 65
ppo 52: reward/step -0.000, pg -0.013 v 1.284 ent 1.215 bc 1.270 (x0.43), 3 s | 600 journeys: arrived 85.3 %, fell 18 | clutt 51 doorw 73 stair 95 corne 98 mover 100 low 98 mixed 66
ppo 53: reward/step +0.001, pg -0.014 v 1.148 ent 1.206 bc 1.253 (x0.43), 3 s | 600 journeys: arrived 81.7 %, fell 19 | clutt 59 doorw 67 stair 89 corne 97 mover 100 low 95 mixed 62
ppo 54: reward/step +0.003, pg -0.014 v 1.193 ent 1.237 bc 1.301 (x0.43), 3 s | 600 journeys: arrived 83.7 %, fell 15 | clutt 70 doorw 73 stair 86 corne 97 mover 98 low 96 mixed 68
ppo 55: reward/step -0.000, pg -0.015 v 1.187 ent 1.240 bc 1.305 (x0.43), 3 s | 600 journeys: arrived 84.3 %, fell 13 | clutt 70 doorw 75 stair 89 corne 95 mover 97 low 100 mixed 69
ppo 56: reward/step -0.003, pg -0.014 v 1.116 ent 1.211 bc 1.287 (x0.43), 3 s | 600 journeys: arrived 81.8 %, fell 13 | clutt 60 doorw 71 stair 87 corne 93 mover 95 low 96 mixed 67
ppo 57: reward/step +0.006, pg -0.015 v 1.099 ent 1.223 bc 1.267 (x0.43), 3 s | 600 journeys: arrived 83.0 %, fell 12 | clutt 58 doorw 69 stair 88 corne 95 mover 96 low 95 mixed 65
ppo 58: reward/step +0.003, pg -0.014 v 1.133 ent 1.223 bc 1.290 (x0.43), 3 s | 600 journeys: arrived 84.2 %, fell 10 | clutt 65 doorw 67 stair 96 corne 95 mover 98 low 97 mixed 62
ppo 59: reward/step +0.003, pg -0.014 v 0.985 ent 1.217 bc 1.276 (x0.43), 3 s | 600 journeys: arrived 83.8 %, fell 11 | clutt 64 doorw 73 stair 95 corne 91 mover 98 low 100 mixed 65
bench at 59: arrived 288/420, fell 5 (holes 0, tipped 5), off 0, timeout 123, failed 4, secs 97.0, bumps 0.83
ppo 60: reward/step -0.000, pg -0.014 v 1.106 ent 1.212 bc 1.252 (x0.42), 3 s | 600 journeys: arrived 83.7 %, fell 15 | clutt 65 doorw 72 stair 93 corne 92 mover 97 low 100 mixed 63
ppo 61: reward/step +0.005, pg -0.016 v 0.959 ent 1.230 bc 1.275 (x0.42), 3 s | 600 journeys: arrived 82.3 %, fell 11 | clutt 58 doorw 67 stair 91 corne 97 mover 96 low 99 mixed 58
ppo 62: reward/step +0.006, pg -0.016 v 1.016 ent 1.234 bc 1.282 (x0.42), 3 s | 600 journeys: arrived 84.0 %, fell 9 | clutt 67 doorw 67 stair 94 corne 97 mover 98 low 96 mixed 61
ppo 63: reward/step +0.003, pg -0.014 v 1.120 ent 1.238 bc 1.309 (x0.42), 3 s | 600 journeys: arrived 84.8 %, fell 12 | clutt 67 doorw 72 stair 95 corne 96 mover 98 low 97 mixed 61
ppo 64: reward/step +0.004, pg -0.015 v 1.193 ent 1.226 bc 1.262 (x0.42), 3 s | 600 journeys: arrived 82.7 %, fell 11 | clutt 63 doorw 63 stair 94 corne 93 mover 98 low 100 mixed 63
ppo 65: reward/step +0.007, pg -0.015 v 1.034 ent 1.234 bc 1.290 (x0.42), 3 s | 600 journeys: arrived 84.0 %, fell 11 | clutt 73 doorw 60 stair 94 corne 91 mover 96 low 100 mixed 72
ppo 66: reward/step +0.010, pg -0.014 v 0.900 ent 1.221 bc 1.255 (x0.42), 3 s | 600 journeys: arrived 87.5 %, fell 4 | clutt 80 doorw 76 stair 94 corne 91 mover 98 low 100 mixed 76
ppo 67: reward/step +0.004, pg -0.015 v 0.993 ent 1.204 bc 1.265 (x0.42), 3 s | 600 journeys: arrived 87.0 %, fell 5 | clutt 80 doorw 78 stair 93 corne 92 mover 100 low 98 mixed 71
ppo 68: reward/step +0.006, pg -0.015 v 1.127 ent 1.236 bc 1.283 (x0.41), 3 s | 600 journeys: arrived 84.3 %, fell 12 | clutt 71 doorw 75 stair 93 corne 90 mover 100 low 98 mixed 64
ppo 69: reward/step +0.008, pg -0.014 v 1.066 ent 1.247 bc 1.299 (x0.41), 2 s | 600 journeys: arrived 85.0 %, fell 13 | clutt 75 doorw 75 stair 94 corne 91 mover 100 low 98 mixed 60
ppo 70: reward/step +0.011, pg -0.015 v 0.958 ent 1.240 bc 1.288 (x0.41), 2 s | 600 journeys: arrived 87.5 %, fell 11 | clutt 74 doorw 78 stair 95 corne 96 mover 97 low 98 mixed 68
ppo 71: reward/step +0.007, pg -0.013 v 0.994 ent 1.235 bc 1.274 (x0.41), 3 s | 600 journeys: arrived 88.0 %, fell 8 | clutt 76 doorw 80 stair 93 corne 96 mover 96 low 98 mixed 70
ppo 72: reward/step +0.002, pg -0.015 v 1.066 ent 1.219 bc 1.275 (x0.41), 3 s | 600 journeys: arrived 84.5 %, fell 11 | clutt 70 doorw 77 stair 91 corne 92 mover 99 low 95 mixed 68
ppo 73: reward/step +0.006, pg -0.016 v 0.998 ent 1.224 bc 1.279 (x0.41), 2 s | 600 journeys: arrived 84.0 %, fell 10 | clutt 65 doorw 73 stair 93 corne 92 mover 100 low 96 mixed 68
ppo 74: reward/step +0.008, pg -0.013 v 1.130 ent 1.240 bc 1.309 (x0.41), 2 s | 600 journeys: arrived 85.2 %, fell 10 | clutt 69 doorw 76 stair 92 corne 95 mover 94 low 96 mixed 66
ppo 75: reward/step +0.005, pg -0.012 v 1.350 ent 1.229 bc 1.273 (x0.41), 2 s | 600 journeys: arrived 85.7 %, fell 19 | clutt 69 doorw 78 stair 94 corne 96 mover 90 low 98 mixed 63
ppo 76: reward/step +0.002, pg -0.014 v 1.304 ent 1.239 bc 1.276 (x0.41), 3 s | 600 journeys: arrived 84.2 %, fell 26 | clutt 63 doorw 70 stair 96 corne 95 mover 95 low 95 mixed 59
ppo 77: reward/step +0.005, pg -0.014 v 1.116 ent 1.244 bc 1.285 (x0.40), 3 s | 600 journeys: arrived 84.3 %, fell 18 | clutt 64 doorw 71 stair 96 corne 93 mover 99 low 93 mixed 63
ppo 78: reward/step +0.007, pg -0.014 v 1.163 ent 1.225 bc 1.257 (x0.40), 3 s | 600 journeys: arrived 86.0 %, fell 16 | clutt 76 doorw 69 stair 95 corne 95 mover 96 low 97 mixed 70
ppo 79: reward/step +0.007, pg -0.013 v 0.983 ent 1.231 bc 1.283 (x0.40), 3 s | 600 journeys: arrived 85.8 %, fell 13 | clutt 77 doorw 74 stair 92 corne 97 mover 96 low 100 mixed 65
bench at 79: arrived 326/420, fell 5 (holes 0, tipped 5), off 0, timeout 87, failed 2, secs 92.2, bumps 1.02
  best so far (update 79)
ppo 80: reward/step +0.007, pg -0.013 v 1.243 ent 1.222 bc 1.271 (x0.40), 3 s | 600 journeys: arrived 85.0 %, fell 11 | clutt 72 doorw 75 stair 93 corne 95 mover 100 low 97 mixed 66
ppo 81: reward/step +0.008, pg -0.013 v 1.200 ent 1.229 bc 1.268 (x0.40), 3 s | 600 journeys: arrived 85.7 %, fell 17 | clutt 68 doorw 74 stair 95 corne 95 mover 100 low 97 mixed 67
ppo 82: reward/step +0.009, pg -0.015 v 1.009 ent 1.242 bc 1.278 (x0.40), 3 s | 600 journeys: arrived 86.8 %, fell 13 | clutt 70 doorw 74 stair 93 corne 96 mover 99 low 100 mixed 65
ppo 83: reward/step +0.008, pg -0.016 v 1.100 ent 1.245 bc 1.294 (x0.40), 3 s | 600 journeys: arrived 86.0 %, fell 11 | clutt 73 doorw 73 stair 89 corne 97 mover 99 low 98 mixed 71
ppo 84: reward/step +0.004, pg -0.013 v 1.175 ent 1.230 bc 1.263 (x0.40), 3 s | 600 journeys: arrived 84.0 %, fell 16 | clutt 64 doorw 66 stair 90 corne 97 mover 97 low 98 mixed 68
ppo 85: reward/step +0.006, pg -0.014 v 1.130 ent 1.242 bc 1.276 (x0.39), 3 s | 600 journeys: arrived 83.3 %, fell 17 | clutt 68 doorw 67 stair 93 corne 95 mover 96 low 95 mixed 61
ppo 86: reward/step +0.008, pg -0.015 v 1.064 ent 1.240 bc 1.278 (x0.39), 3 s | 600 journeys: arrived 85.5 %, fell 13 | clutt 77 doorw 74 stair 95 corne 94 mover 98 low 91 mixed 68
ppo 87: reward/step +0.008, pg -0.014 v 1.076 ent 1.239 bc 1.280 (x0.39), 3 s | 600 journeys: arrived 85.2 %, fell 10 | clutt 74 doorw 74 stair 93 corne 94 mover 98 low 96 mixed 70
ppo 88: reward/step +0.007, pg -0.013 v 1.107 ent 1.246 bc 1.277 (x0.39), 3 s | 600 journeys: arrived 86.5 %, fell 10 | clutt 77 doorw 78 stair 94 corne 90 mover 98 low 100 mixed 71
ppo 89: reward/step +0.008, pg -0.013 v 1.008 ent 1.239 bc 1.275 (x0.39), 3 s | 600 journeys: arrived 86.7 %, fell 11 | clutt 71 doorw 75 stair 96 corne 92 mover 98 low 98 mixed 73
ppo 90: reward/step +0.008, pg -0.014 v 1.166 ent 1.255 bc 1.291 (x0.39), 3 s | 600 journeys: arrived 85.3 %, fell 14 | clutt 65 doorw 75 stair 96 corne 92 mover 97 low 98 mixed 69
ppo 91: reward/step +0.011, pg -0.014 v 1.061 ent 1.239 bc 1.295 (x0.39), 3 s | 600 journeys: arrived 88.0 %, fell 13 | clutt 76 doorw 83 stair 96 corne 94 mover 98 low 100 mixed 68
ppo 92: reward/step +0.012, pg -0.014 v 1.056 ent 1.219 bc 1.256 (x0.39), 3 s | 600 journeys: arrived 89.0 %, fell 10 | clutt 79 doorw 80 stair 99 corne 94 mover 98 low 96 mixed 73
ppo 93: reward/step +0.006, pg -0.015 v 1.185 ent 1.231 bc 1.277 (x0.38), 3 s | 600 journeys: arrived 86.5 %, fell 14 | clutt 80 doorw 75 stair 96 corne 88 mover 97 low 96 mixed 72
ppo 94: reward/step +0.006, pg -0.015 v 0.938 ent 1.225 bc 1.287 (x0.38), 3 s | 600 journeys: arrived 85.5 %, fell 11 | clutt 78 doorw 73 stair 93 corne 92 mover 98 low 98 mixed 71
ppo 95: reward/step +0.012, pg -0.014 v 1.066 ent 1.215 bc 1.250 (x0.38), 3 s | 600 journeys: arrived 85.0 %, fell 12 | clutt 65 doorw 73 stair 92 corne 97 mover 98 low 100 mixed 66
ppo 96: reward/step +0.005, pg -0.015 v 1.141 ent 1.220 bc 1.267 (x0.38), 3 s | 600 journeys: arrived 86.5 %, fell 14 | clutt 61 doorw 78 stair 96 corne 96 mover 98 low 99 mixed 68
ppo 97: reward/step +0.004, pg -0.011 v 1.033 ent 1.220 bc 1.259 (x0.38), 3 s | 600 journeys: arrived 85.8 %, fell 15 | clutt 67 doorw 76 stair 95 corne 94 mover 96 low 98 mixed 71
ppo 98: reward/step +0.008, pg -0.015 v 0.942 ent 1.215 bc 1.254 (x0.38), 3 s | 600 journeys: arrived 84.2 %, fell 11 | clutt 68 doorw 69 stair 95 corne 93 mover 97 low 100 mixed 67
ppo 99: reward/step +0.006, pg -0.014 v 1.098 ent 1.201 bc 1.251 (x0.38), 3 s | 600 journeys: arrived 84.8 %, fell 12 | clutt 76 doorw 65 stair 97 corne 93 mover 98 low 100 mixed 63
bench at 99: arrived 324/420, fell 7 (holes 0, tipped 7), off 0, timeout 85, failed 4, secs 95.0, bumps 0.96
ppo 100: reward/step +0.010, pg -0.015 v 0.942 ent 1.230 bc 1.271 (x0.38), 3 s | 600 journeys: arrived 84.8 %, fell 11 | clutt 80 doorw 70 stair 98 corne 92 mover 96 low 100 mixed 59
ppo 101: reward/step +0.011, pg -0.015 v 0.936 ent 1.244 bc 1.302 (x0.37), 3 s | 600 journeys: arrived 86.7 %, fell 4 | clutt 78 doorw 71 stair 99 corne 92 mover 98 low 100 mixed 65
ppo 102: reward/step +0.006, pg -0.014 v 1.118 ent 1.227 bc 1.276 (x0.37), 3 s | 600 journeys: arrived 85.8 %, fell 9 | clutt 76 doorw 70 stair 95 corne 94 mover 100 low 98 mixed 73
ppo 103: reward/step +0.010, pg -0.014 v 1.111 ent 1.224 bc 1.276 (x0.37), 3 s | 600 journeys: arrived 84.3 %, fell 12 | clutt 72 doorw 69 stair 93 corne 90 mover 100 low 98 mixed 75
ppo 104: reward/step +0.010, pg -0.015 v 0.960 ent 1.224 bc 1.283 (x0.37), 2 s | 600 journeys: arrived 86.2 %, fell 8 | clutt 79 doorw 69 stair 96 corne 89 mover 100 low 100 mixed 73
ppo 105: reward/step +0.011, pg -0.014 v 1.143 ent 1.249 bc 1.295 (x0.37), 2 s | 600 journeys: arrived 87.7 %, fell 14 | clutt 78 doorw 75 stair 99 corne 92 mover 100 low 98 mixed 68
ppo 106: reward/step +0.009, pg -0.015 v 1.149 ent 1.239 bc 1.258 (x0.37), 3 s | 600 journeys: arrived 88.5 %, fell 16 | clutt 73 doorw 80 stair 97 corne 94 mover 100 low 97 mixed 73
ppo 107: reward/step +0.009, pg -0.012 v 1.246 ent 1.240 bc 1.288 (x0.37), 3 s | 600 journeys: arrived 88.8 %, fell 12 | clutt 83 doorw 79 stair 94 corne 95 mover 98 low 97 mixed 74
ppo 108: reward/step +0.003, pg -0.013 v 1.269 ent 1.231 bc 1.265 (x0.36), 3 s | 600 journeys: arrived 86.2 %, fell 18 | clutt 82 doorw 67 stair 95 corne 91 mover 99 low 98 mixed 69
ppo 109: reward/step +0.005, pg -0.014 v 1.159 ent 1.222 bc 1.253 (x0.36), 3 s | 600 journeys: arrived 85.0 %, fell 23 | clutt 71 doorw 67 stair 97 corne 93 mover 98 low 97 mixed 68
ppo 110: reward/step +0.006, pg -0.014 v 1.160 ent 1.253 bc 1.292 (x0.36), 3 s | 600 journeys: arrived 85.0 %, fell 18 | clutt 73 doorw 67 stair 95 corne 93 mover 92 low 95 mixed 72
ppo 111: reward/step +0.016, pg -0.014 v 0.978 ent 1.239 bc 1.264 (x0.36), 3 s | 600 journeys: arrived 86.0 %, fell 9 | clutt 75 doorw 73 stair 94 corne 92 mover 94 low 96 mixed 74
ppo 112: reward/step +0.006, pg -0.014 v 1.097 ent 1.229 bc 1.275 (x0.36), 3 s | 600 journeys: arrived 87.0 %, fell 10 | clutt 71 doorw 78 stair 95 corne 90 mover 98 low 99 mixed 72
ppo 113: reward/step +0.008, pg -0.015 v 1.023 ent 1.237 bc 1.284 (x0.36), 3 s | 600 journeys: arrived 85.7 %, fell 10 | clutt 67 doorw 71 stair 94 corne 90 mover 99 low 100 mixed 71
ppo 114: reward/step +0.006, pg -0.012 v 1.043 ent 1.233 bc 1.271 (x0.36), 3 s | 600 journeys: arrived 84.2 %, fell 10 | clutt 64 doorw 71 stair 91 corne 90 mover 99 low 98 mixed 72
ppo 115: reward/step +0.004, pg -0.014 v 1.117 ent 1.244 bc 1.280 (x0.36), 3 s | 600 journeys: arrived 85.2 %, fell 13 | clutt 71 doorw 81 stair 89 corne 89 mover 97 low 97 mixed 72
ppo 116: reward/step +0.006, pg -0.015 v 1.076 ent 1.235 bc 1.279 (x0.35), 3 s | 600 journeys: arrived 83.8 %, fell 13 | clutt 72 doorw 75 stair 89 corne 90 mover 92 low 94 mixed 71
ppo 117: reward/step +0.009, pg -0.015 v 1.008 ent 1.235 bc 1.267 (x0.35), 3 s | 600 journeys: arrived 84.7 %, fell 8 | clutt 72 doorw 75 stair 92 corne 90 mover 94 low 93 mixed 72
ppo 118: reward/step +0.003, pg -0.015 v 0.952 ent 1.211 bc 1.243 (x0.35), 3 s | 600 journeys: arrived 86.3 %, fell 8 | clutt 73 doorw 78 stair 93 corne 92 mover 99 low 94 mixed 71
ppo 119: reward/step +0.007, pg -0.014 v 1.000 ent 1.241 bc 1.280 (x0.35), 3 s | 600 journeys: arrived 84.5 %, fell 9 | clutt 66 doorw 76 stair 93 corne 97 mover 98 low 93 mixed 62
bench at 119: arrived 312/420, fell 8 (holes 0, tipped 8), off 0, timeout 94, failed 6, secs 94.5, bumps 1.09
ppo 120: reward/step +0.009, pg -0.017 v 0.899 ent 1.226 bc 1.242 (x0.35), 3 s | 600 journeys: arrived 84.2 %, fell 7 | clutt 67 doorw 72 stair 94 corne 93 mover 98 low 93 mixed 65
ppo 121: reward/step +0.013, pg -0.015 v 0.898 ent 1.220 bc 1.252 (x0.35), 3 s | 600 journeys: arrived 86.8 %, fell 4 | clutt 78 doorw 80 stair 95 corne 93 mover 100 low 93 mixed 70
ppo 122: reward/step +0.012, pg -0.013 v 0.988 ent 1.219 bc 1.248 (x0.35), 3 s | 600 journeys: arrived 86.8 %, fell 7 | clutt 79 doorw 77 stair 95 corne 95 mover 98 low 98 mixed 67
ppo 123: reward/step +0.013, pg -0.013 v 0.963 ent 1.232 bc 1.257 (x0.35), 2 s | 600 journeys: arrived 86.0 %, fell 9 | clutt 73 doorw 72 stair 97 corne 95 mover 97 low 100 mixed 61
ppo 124: reward/step +0.011, pg -0.014 v 1.035 ent 1.236 bc 1.264 (x0.34), 3 s | 600 journeys: arrived 89.0 %, fell 10 | clutt 76 doorw 76 stair 98 corne 96 mover 99 low 98 mixed 70
ppo 125: reward/step +0.009, pg -0.013 v 1.050 ent 1.252 bc 1.297 (x0.34), 2 s | 600 journeys: arrived 88.3 %, fell 13 | clutt 81 doorw 80 stair 94 corne 93 mover 97 low 98 mixed 72
ppo 126: reward/step +0.015, pg -0.013 v 1.006 ent 1.252 bc 1.299 (x0.34), 3 s | 600 journeys: arrived 87.7 %, fell 10 | clutt 78 doorw 77 stair 93 corne 94 mover 97 low 98 mixed 73
ppo 127: reward/step +0.014, pg -0.014 v 1.024 ent 1.238 bc 1.263 (x0.34), 3 s | 600 journeys: arrived 90.0 %, fell 10 | clutt 77 doorw 87 stair 95 corne 95 mover 100 low 98 mixed 74
ppo 128: reward/step +0.012, pg -0.015 v 1.015 ent 1.248 bc 1.278 (x0.34), 2 s | 600 journeys: arrived 89.3 %, fell 14 | clutt 76 doorw 81 stair 96 corne 95 mover 100 low 100 mixed 72
ppo 129: reward/step +0.012, pg -0.014 v 1.121 ent 1.243 bc 1.255 (x0.34), 3 s | 600 journeys: arrived 89.3 %, fell 12 | clutt 86 doorw 74 stair 97 corne 96 mover 100 low 97 mixed 73
ppo 130: reward/step +0.010, pg -0.014 v 1.096 ent 1.264 bc 1.321 (x0.34), 3 s | 600 journeys: arrived 88.8 %, fell 12 | clutt 78 doorw 78 stair 95 corne 93 mover 100 low 97 mixed 82
ppo 131: reward/step +0.009, pg -0.013 v 1.063 ent 1.269 bc 1.310 (x0.34), 3 s | 600 journeys: arrived 88.8 %, fell 11 | clutt 70 doorw 81 stair 94 corne 94 mover 100 low 97 mixed 82
ppo 132: reward/step +0.008, pg -0.013 v 1.045 ent 1.233 bc 1.254 (x0.33), 3 s | 600 journeys: arrived 86.7 %, fell 14 | clutt 59 doorw 78 stair 95 corne 93 mover 100 low 97 mixed 76
ppo 133: reward/step +0.012, pg -0.013 v 1.140 ent 1.245 bc 1.268 (x0.33), 3 s | 600 journeys: arrived 84.8 %, fell 14 | clutt 60 doorw 69 stair 92 corne 94 mover 98 low 98 mixed 70
ppo 134: reward/step +0.007, pg -0.013 v 1.152 ent 1.258 bc 1.294 (x0.33), 3 s | 600 journeys: arrived 85.3 %, fell 14 | clutt 73 doorw 76 stair 91 corne 92 mover 96 low 99 mixed 66
ppo 135: reward/step +0.006, pg -0.014 v 1.040 ent 1.240 bc 1.284 (x0.33), 3 s | 600 journeys: arrived 85.5 %, fell 12 | clutt 75 doorw 78 stair 93 corne 88 mover 98 low 99 mixed 65
ppo 136: reward/step +0.007, pg -0.015 v 1.143 ent 1.265 bc 1.288 (x0.33), 2 s | 600 journeys: arrived 85.8 %, fell 10 | clutt 78 doorw 79 stair 92 corne 90 mover 98 low 98 mixed 68
ppo 137: reward/step +0.014, pg -0.015 v 0.872 ent 1.221 bc 1.245 (x0.33), 2 s | 600 journeys: arrived 86.8 %, fell 8 | clutt 72 doorw 80 stair 94 corne 92 mover 99 low 100 mixed 69
ppo 138: reward/step +0.012, pg -0.015 v 1.013 ent 1.237 bc 1.269 (x0.33), 2 s | 600 journeys: arrived 87.3 %, fell 10 | clutt 64 doorw 80 stair 96 corne 96 mover 98 low 100 mixed 67
ppo 139: reward/step +0.012, pg -0.015 v 0.897 ent 1.248 bc 1.295 (x0.33), 3 s | 600 journeys: arrived 87.2 %, fell 7 | clutt 66 doorw 81 stair 95 corne 95 mover 98 low 100 mixed 69
bench at 139: arrived 325/420, fell 5 (holes 0, tipped 5), off 0, timeout 88, failed 2, secs 90.5, bumps 1.24
ppo 140: reward/step +0.007, pg -0.014 v 0.971 ent 1.230 bc 1.282 (x0.33), 3 s | 600 journeys: arrived 87.2 %, fell 6 | clutt 68 doorw 80 stair 94 corne 96 mover 98 low 98 mixed 71
ppo 141: reward/step +0.007, pg -0.013 v 0.993 ent 1.243 bc 1.293 (x0.32), 2 s | 600 journeys: arrived 86.0 %, fell 10 | clutt 68 doorw 71 stair 95 corne 99 mover 98 low 96 mixed 71
ppo 142: reward/step +0.009, pg -0.013 v 1.037 ent 1.242 bc 1.289 (x0.32), 2 s | 600 journeys: arrived 86.8 %, fell 10 | clutt 71 doorw 68 stair 98 corne 96 mover 100 low 98 mixed 69
ppo 143: reward/step +0.009, pg -0.014 v 0.942 ent 1.250 bc 1.266 (x0.32), 3 s | 600 journeys: arrived 85.3 %, fell 10 | clutt 67 doorw 70 stair 95 corne 92 mover 97 low 100 mixed 70
ppo 144: reward/step +0.013, pg -0.014 v 1.047 ent 1.239 bc 1.257 (x0.32), 2 s | 600 journeys: arrived 85.7 %, fell 11 | clutt 63 doorw 74 stair 94 corne 94 mover 98 low 100 mixed 72
ppo 145: reward/step +0.009, pg -0.014 v 0.933 ent 1.220 bc 1.246 (x0.32), 3 s | 600 journeys: arrived 87.3 %, fell 10 | clutt 63 doorw 73 stair 96 corne 95 mover 98 low 100 mixed 76
ppo 146: reward/step +0.006, pg -0.011 v 1.158 ent 1.221 bc 1.269 (x0.32), 3 s | 600 journeys: arrived 85.5 %, fell 11 | clutt 68 doorw 74 stair 95 corne 92 mover 96 low 98 mixed 69
ppo 147: reward/step +0.003, pg -0.013 v 1.150 ent 1.231 bc 1.260 (x0.32), 3 s | 600 journeys: arrived 84.2 %, fell 16 | clutt 72 doorw 78 stair 95 corne 91 mover 96 low 96 mixed 59
ppo 148: reward/step +0.007, pg -0.013 v 1.137 ent 1.247 bc 1.283 (x0.32), 2 s | 600 journeys: arrived 84.2 %, fell 14 | clutt 68 doorw 74 stair 95 corne 90 mover 97 low 98 mixed 64
ppo 149: reward/step +0.009, pg -0.014 v 1.086 ent 1.234 bc 1.266 (x0.31), 3 s | 600 journeys: arrived 85.5 %, fell 11 | clutt 71 doorw 75 stair 91 corne 94 mover 97 low 96 mixed 72
ppo 150: reward/step +0.005, pg -0.013 v 1.162 ent 1.224 bc 1.252 (x0.31), 3 s | 600 journeys: arrived 84.8 %, fell 17 | clutt 73 doorw 74 stair 92 corne 94 mover 96 low 98 mixed 64
ppo 151: reward/step +0.013, pg -0.014 v 0.944 ent 1.227 bc 1.268 (x0.31), 3 s | 600 journeys: arrived 84.7 %, fell 13 | clutt 73 doorw 73 stair 93 corne 94 mover 100 low 100 mixed 61
ppo 152: reward/step +0.015, pg -0.015 v 0.965 ent 1.238 bc 1.268 (x0.31), 3 s | 600 journeys: arrived 86.7 %, fell 7 | clutt 75 doorw 72 stair 93 corne 96 mover 100 low 98 mixed 71
ppo 153: reward/step +0.011, pg -0.013 v 1.120 ent 1.233 bc 1.298 (x0.31), 3 s | 600 journeys: arrived 89.0 %, fell 9 | clutt 76 doorw 79 stair 97 corne 96 mover 100 low 95 mixed 73
ppo 154: reward/step +0.015, pg -0.013 v 1.050 ent 1.241 bc 1.263 (x0.31), 3 s | 600 journeys: arrived 87.2 %, fell 14 | clutt 80 doorw 80 stair 94 corne 93 mover 100 low 97 mixed 71
ppo 155: reward/step +0.015, pg -0.011 v 1.092 ent 1.233 bc 1.241 (x0.31), 3 s | 600 journeys: arrived 88.0 %, fell 10 | clutt 79 doorw 80 stair 94 corne 92 mover 98 low 98 mixed 75
ppo 156: reward/step +0.010, pg -0.015 v 1.019 ent 1.247 bc 1.289 (x0.30), 3 s | 600 journeys: arrived 88.3 %, fell 13 | clutt 71 doorw 79 stair 93 corne 98 mover 98 low 97 mixed 78
ppo 157: reward/step +0.007, pg -0.014 v 1.119 ent 1.240 bc 1.268 (x0.30), 2 s | 600 journeys: arrived 86.7 %, fell 14 | clutt 75 doorw 77 stair 96 corne 96 mover 98 low 94 mixed 67
ppo 158: reward/step +0.009, pg -0.014 v 1.023 ent 1.252 bc 1.300 (x0.30), 3 s | 600 journeys: arrived 85.3 %, fell 15 | clutt 75 doorw 81 stair 95 corne 92 mover 99 low 93 mixed 59
ppo 159: reward/step +0.010, pg -0.014 v 0.995 ent 1.247 bc 1.274 (x0.30), 3 s | 600 journeys: arrived 85.8 %, fell 7 | clutt 76 doorw 78 stair 96 corne 91 mover 100 low 98 mixed 62
bench at 159: arrived 330/420, fell 7 (holes 0, tipped 7), off 0, timeout 79, failed 4, secs 90.7, bumps 1.18
  best so far (update 159)
ppo 160: reward/step +0.011, pg -0.013 v 1.050 ent 1.237 bc 1.286 (x0.30), 3 s | 600 journeys: arrived 86.2 %, fell 9 | clutt 76 doorw 70 stair 96 corne 92 mover 99 low 100 mixed 70
ppo 161: reward/step +0.013, pg -0.014 v 0.930 ent 1.251 bc 1.282 (x0.30), 3 s | 600 journeys: arrived 86.8 %, fell 10 | clutt 76 doorw 72 stair 95 corne 94 mover 97 low 98 mixed 67
ppo 162: reward/step +0.013, pg -0.013 v 1.131 ent 1.251 bc 1.278 (x0.30), 3 s | 600 journeys: arrived 89.0 %, fell 11 | clutt 83 doorw 78 stair 97 corne 94 mover 99 low 97 mixed 72
ppo 163: reward/step +0.014, pg -0.013 v 1.037 ent 1.240 bc 1.290 (x0.30), 3 s | 600 journeys: arrived 87.5 %, fell 14 | clutt 75 doorw 69 stair 98 corne 93 mover 100 low 99 mixed 77
ppo 164: reward/step +0.009, pg -0.013 v 1.079 ent 1.235 bc 1.271 (x0.30), 2 s | 600 journeys: arrived 87.7 %, fell 14 | clutt 73 doorw 69 stair 97 corne 94 mover 98 low 97 mixed 76
ppo 165: reward/step +0.009, pg -0.014 v 1.037 ent 1.231 bc 1.257 (x0.29), 3 s | 600 journeys: arrived 85.7 %, fell 12 | clutt 64 doorw 72 stair 97 corne 95 mover 97 low 98 mixed 66
ppo 166: reward/step +0.006, pg -0.011 v 1.158 ent 1.238 bc 1.286 (x0.29), 3 s | 600 journeys: arrived 85.5 %, fell 10 | clutt 68 doorw 71 stair 97 corne 96 mover 99 low 100 mixed 63
ppo 167: reward/step +0.013, pg -0.012 v 1.051 ent 1.259 bc 1.282 (x0.29), 3 s | 600 journeys: arrived 86.0 %, fell 12 | clutt 68 doorw 75 stair 94 corne 93 mover 99 low 100 mixed 69
ppo 168: reward/step +0.017, pg -0.012 v 0.974 ent 1.237 bc 1.265 (x0.29), 3 s | 600 journeys: arrived 87.7 %, fell 9 | clutt 66 doorw 79 stair 93 corne 95 mover 97 low 98 mixed 78
ppo 169: reward/step +0.013, pg -0.014 v 0.999 ent 1.241 bc 1.293 (x0.29), 3 s | 600 journeys: arrived 89.3 %, fell 9 | clutt 76 doorw 79 stair 97 corne 98 mover 99 low 97 mixed 68
ppo 170: reward/step +0.013, pg -0.014 v 0.959 ent 1.238 bc 1.278 (x0.29), 3 s | 600 journeys: arrived 88.8 %, fell 7 | clutt 78 doorw 82 stair 95 corne 93 mover 98 low 97 mixed 66
ppo 171: reward/step +0.012, pg -0.014 v 1.168 ent 1.248 bc 1.273 (x0.29), 2 s | 600 journeys: arrived 86.3 %, fell 12 | clutt 71 doorw 76 stair 95 corne 90 mover 98 low 98 mixed 69
ppo 172: reward/step +0.016, pg -0.012 v 1.048 ent 1.254 bc 1.280 (x0.29), 2 s | 600 journeys: arrived 88.2 %, fell 13 | clutt 79 doorw 79 stair 92 corne 95 mover 100 low 95 mixed 75
ppo 173: reward/step +0.011, pg -0.013 v 1.070 ent 1.246 bc 1.280 (x0.28), 3 s | 600 journeys: arrived 89.5 %, fell 7 | clutt 87 doorw 80 stair 93 corne 93 mover 100 low 97 mixed 79
ppo 174: reward/step +0.013, pg -0.015 v 1.015 ent 1.244 bc 1.299 (x0.28), 3 s | 600 journeys: arrived 88.7 %, fell 7 | clutt 78 doorw 77 stair 96 corne 94 mover 100 low 98 mixed 76
ppo 175: reward/step +0.007, pg -0.011 v 1.214 ent 1.236 bc 1.283 (x0.28), 3 s | 600 journeys: arrived 86.5 %, fell 12 | clutt 74 doorw 76 stair 93 corne 94 mover 98 low 96 mixed 74
ppo 176: reward/step +0.010, pg -0.013 v 1.157 ent 1.246 bc 1.279 (x0.28), 3 s | 600 journeys: arrived 83.8 %, fell 18 | clutt 73 doorw 71 stair 93 corne 90 mover 95 low 92 mixed 72
ppo 177: reward/step +0.013, pg -0.013 v 0.987 ent 1.230 bc 1.270 (x0.28), 2 s | 600 journeys: arrived 87.0 %, fell 11 | clutt 73 doorw 71 stair 96 corne 95 mover 94 low 94 mixed 77
ppo 178: reward/step +0.012, pg -0.013 v 1.198 ent 1.240 bc 1.272 (x0.28), 2 s | 600 journeys: arrived 88.2 %, fell 11 | clutt 76 doorw 67 stair 98 corne 97 mover 97 low 98 mixed 77
ppo 179: reward/step +0.015, pg -0.013 v 1.034 ent 1.246 bc 1.268 (x0.28), 2 s | 600 journeys: arrived 88.3 %, fell 12 | clutt 79 doorw 67 stair 97 corne 95 mover 100 low 100 mixed 77
bench at 179: arrived 330/420, fell 9 (holes 0, tipped 9), off 0, timeout 79, failed 2, secs 87.0, bumps 1.42
ppo 180: reward/step +0.013, pg -0.012 v 1.152 ent 1.217 bc 1.255 (x0.28), 3 s | 600 journeys: arrived 88.0 %, fell 10 | clutt 72 doorw 78 stair 95 corne 92 mover 100 low 98 mixed 77
ppo 181: reward/step +0.017, pg -0.015 v 0.868 ent 1.226 bc 1.267 (x0.27), 2 s | 600 journeys: arrived 88.0 %, fell 7 | clutt 71 doorw 76 stair 97 corne 91 mover 100 low 97 mixed 73
ppo 182: reward/step +0.017, pg -0.012 v 1.012 ent 1.245 bc 1.289 (x0.27), 3 s | 600 journeys: arrived 89.7 %, fell 6 | clutt 86 doorw 73 stair 97 corne 96 mover 100 low 98 mixed 74
ppo 183: reward/step +0.021, pg -0.014 v 0.943 ent 1.271 bc 1.301 (x0.27), 3 s | 600 journeys: arrived 89.7 %, fell 7 | clutt 79 doorw 82 stair 96 corne 96 mover 99 low 100 mixed 74
ppo 184: reward/step +0.016, pg -0.012 v 1.115 ent 1.236 bc 1.270 (x0.27), 3 s | 600 journeys: arrived 89.3 %, fell 8 | clutt 81 doorw 80 stair 94 corne 96 mover 98 low 100 mixed 75
ppo 185: reward/step +0.013, pg -0.011 v 1.020 ent 1.247 bc 1.280 (x0.27), 2 s | 600 journeys: arrived 87.8 %, fell 10 | clutt 76 doorw 83 stair 93 corne 92 mover 100 low 100 mixed 71
ppo 186: reward/step +0.015, pg -0.013 v 1.064 ent 1.252 bc 1.287 (x0.27), 3 s | 600 journeys: arrived 87.5 %, fell 10 | clutt 67 doorw 81 stair 96 corne 91 mover 100 low 100 mixed 69
ppo 187: reward/step +0.009, pg -0.013 v 1.086 ent 1.235 bc 1.260 (x0.27), 3 s | 600 journeys: arrived 87.5 %, fell 16 | clutt 67 doorw 74 stair 96 corne 95 mover 100 low 100 mixed 70
ppo 188: reward/step +0.011, pg -0.010 v 1.223 ent 1.245 bc 1.291 (x0.27), 3 s | 600 journeys: arrived 85.5 %, fell 18 | clutt 69 doorw 75 stair 94 corne 94 mover 98 low 100 mixed 66
ppo 189: reward/step +0.016, pg -0.013 v 1.029 ent 1.248 bc 1.256 (x0.26), 2 s | 600 journeys: arrived 86.8 %, fell 16 | clutt 71 doorw 81 stair 96 corne 92 mover 97 low 100 mixed 66
ppo 190: reward/step +0.014, pg -0.014 v 0.914 ent 1.245 bc 1.282 (x0.26), 3 s | 600 journeys: arrived 89.0 %, fell 5 | clutt 73 doorw 82 stair 98 corne 93 mover 99 low 100 mixed 73
ppo 191: reward/step +0.010, pg -0.013 v 0.990 ent 1.241 bc 1.280 (x0.26), 2 s | 600 journeys: arrived 88.0 %, fell 5 | clutt 85 doorw 73 stair 97 corne 92 mover 100 low 95 mixed 74
ppo 192: reward/step +0.016, pg -0.014 v 0.968 ent 1.273 bc 1.298 (x0.26), 2 s | 600 journeys: arrived 87.3 %, fell 9 | clutt 75 doorw 75 stair 97 corne 93 mover 97 low 94 mixed 75
ppo 193: reward/step +0.012, pg -0.010 v 1.178 ent 1.249 bc 1.274 (x0.26), 2 s | 600 journeys: arrived 86.8 %, fell 16 | clutt 74 doorw 74 stair 99 corne 94 mover 95 low 97 mixed 68
ppo 194: reward/step +0.013, pg -0.015 v 0.929 ent 1.233 bc 1.244 (x0.26), 2 s | 600 journeys: arrived 87.5 %, fell 15 | clutt 70 doorw 75 stair 98 corne 97 mover 96 low 100 mixed 72
ppo 195: reward/step +0.011, pg -0.014 v 1.015 ent 1.230 bc 1.266 (x0.26), 2 s | 600 journeys: arrived 86.5 %, fell 10 | clutt 64 doorw 76 stair 96 corne 93 mover 98 low 98 mixed 77
ppo 196: reward/step +0.020, pg -0.012 v 1.027 ent 1.230 bc 1.280 (x0.26), 2 s | 600 journeys: arrived 87.7 %, fell 8 | clutt 84 doorw 76 stair 93 corne 92 mover 98 low 100 mixed 75
ppo 197: reward/step +0.013, pg -0.014 v 0.989 ent 1.235 bc 1.276 (x0.25), 2 s | 600 journeys: arrived 89.3 %, fell 9 | clutt 84 doorw 79 stair 91 corne 96 mover 97 low 98 mixed 82
ppo 198: reward/step +0.011, pg -0.014 v 1.178 ent 1.232 bc 1.284 (x0.25), 3 s | 600 journeys: arrived 88.0 %, fell 16 | clutt 78 doorw 78 stair 90 corne 96 mover 98 low 95 mixed 81
ppo 199: reward/step +0.014, pg -0.012 v 1.094 ent 1.250 bc 1.297 (x0.25), 3 s | 600 journeys: arrived 86.7 %, fell 17 | clutt 72 doorw 80 stair 96 corne 93 mover 99 low 96 mixed 68
bench at 199: arrived 326/420, fell 5 (holes 0, tipped 5), off 0, timeout 85, failed 4, secs 87.1, bumps 0.99
  best so far (update 199)
ppo 200: reward/step +0.017, pg -0.013 v 0.935 ent 1.248 bc 1.265 (x0.25), 3 s | 600 journeys: arrived 89.2 %, fell 10 | clutt 78 doorw 85 stair 97 corne 95 mover 100 low 100 mixed 68
ppo 201: reward/step +0.006, pg -0.012 v 1.139 ent 1.225 bc 1.279 (x0.25), 3 s | 600 journeys: arrived 88.5 %, fell 11 | clutt 83 doorw 84 stair 95 corne 94 mover 98 low 97 mixed 65
ppo 202: reward/step +0.007, pg -0.012 v 1.131 ent 1.229 bc 1.272 (x0.25), 3 s | 600 journeys: arrived 85.7 %, fell 14 | clutt 69 doorw 78 stair 94 corne 96 mover 97 low 96 mixed 62
ppo 203: reward/step +0.004, pg -0.011 v 1.219 ent 1.224 bc 1.291 (x0.25), 3 s | 600 journeys: arrived 83.8 %, fell 16 | clutt 68 doorw 72 stair 94 corne 93 mover 95 low 98 mixed 59
ppo 204: reward/step +0.011, pg -0.013 v 1.064 ent 1.242 bc 1.297 (x0.24), 3 s | 600 journeys: arrived 83.0 %, fell 14 | clutt 75 doorw 71 stair 96 corne 90 mover 95 low 96 mixed 57
ppo 205: reward/step +0.011, pg -0.014 v 0.913 ent 1.244 bc 1.284 (x0.24), 3 s | 600 journeys: arrived 86.8 %, fell 7 | clutt 77 doorw 73 stair 95 corne 92 mover 98 low 96 mixed 75
ppo 206: reward/step +0.015, pg -0.012 v 0.983 ent 1.243 bc 1.292 (x0.24), 3 s | 600 journeys: arrived 87.0 %, fell 8 | clutt 70 doorw 78 stair 93 corne 94 mover 100 low 97 mixed 74
ppo 207: reward/step +0.011, pg -0.012 v 1.050 ent 1.234 bc 1.272 (x0.24), 3 s | 600 journeys: arrived 88.2 %, fell 11 | clutt 75 doorw 76 stair 95 corne 97 mover 100 low 95 mixed 71
ppo 208: reward/step +0.009, pg -0.013 v 1.060 ent 1.248 bc 1.285 (x0.24), 3 s | 600 journeys: arrived 87.5 %, fell 13 | clutt 76 doorw 80 stair 90 corne 97 mover 100 low 96 mixed 70
ppo 209: reward/step +0.013, pg -0.014 v 0.987 ent 1.256 bc 1.311 (x0.24), 2 s | 600 journeys: arrived 87.2 %, fell 9 | clutt 75 doorw 83 stair 93 corne 95 mover 100 low 98 mixed 66
ppo 210: reward/step +0.013, pg -0.012 v 1.165 ent 1.266 bc 1.306 (x0.24), 3 s | 600 journeys: arrived 88.7 %, fell 10 | clutt 75 doorw 79 stair 97 corne 94 mover 100 low 95 mixed 76
ppo 211: reward/step +0.015, pg -0.013 v 0.928 ent 1.252 bc 1.303 (x0.24), 2 s | 600 journeys: arrived 88.7 %, fell 8 | clutt 76 doorw 75 stair 97 corne 91 mover 98 low 98 mixed 81
ppo 212: reward/step +0.009, pg -0.013 v 1.205 ent 1.243 bc 1.293 (x0.23), 3 s | 600 journeys: arrived 87.3 %, fell 12 | clutt 80 doorw 77 stair 94 corne 91 mover 98 low 100 mixed 74
ppo 213: reward/step +0.017, pg -0.013 v 1.128 ent 1.270 bc 1.296 (x0.23), 3 s | 600 journeys: arrived 87.8 %, fell 17 | clutt 80 doorw 80 stair 96 corne 95 mover 100 low 100 mixed 67
ppo 214: reward/step +0.014, pg -0.012 v 1.113 ent 1.249 bc 1.305 (x0.23), 3 s | 600 journeys: arrived 89.8 %, fell 12 | clutt 89 doorw 78 stair 95 corne 94 mover 100 low 97 mixed 75
ppo 215: reward/step +0.016, pg -0.014 v 0.932 ent 1.249 bc 1.291 (x0.23), 2 s | 600 journeys: arrived 88.0 %, fell 12 | clutt 82 doorw 76 stair 95 corne 93 mover 100 low 97 mixed 73
ppo 216: reward/step +0.016, pg -0.013 v 0.941 ent 1.260 bc 1.294 (x0.23), 3 s | 600 journeys: arrived 88.7 %, fell 7 | clutt 84 doorw 75 stair 97 corne 93 mover 100 low 98 mixed 71
ppo 217: reward/step +0.018, pg -0.013 v 0.955 ent 1.235 bc 1.265 (x0.23), 2 s | 600 journeys: arrived 90.0 %, fell 11 | clutt 91 doorw 79 stair 97 corne 95 mover 98 low 98 mixed 76
ppo 218: reward/step +0.021, pg -0.013 v 0.868 ent 1.240 bc 1.263 (x0.23), 3 s | 600 journeys: arrived 90.2 %, fell 11 | clutt 85 doorw 81 stair 98 corne 96 mover 98 low 98 mixed 71
ppo 219: reward/step +0.019, pg -0.014 v 0.992 ent 1.265 bc 1.291 (x0.23), 3 s | 600 journeys: arrived 90.3 %, fell 10 | clutt 88 doorw 78 stair 98 corne 94 mover 100 low 99 mixed 72
bench at 219: arrived 343/420, fell 8 (holes 0, tipped 8), off 0, timeout 65, failed 4, secs 84.3, bumps 1.16
  best so far (update 219)
ppo 220: reward/step +0.016, pg -0.012 v 1.095 ent 1.287 bc 1.345 (x0.22), 3 s | 600 journeys: arrived 91.3 %, fell 16 | clutt 83 doorw 83 stair 98 corne 95 mover 98 low 100 mixed 77
ppo 221: reward/step +0.015, pg -0.014 v 0.951 ent 1.267 bc 1.324 (x0.22), 3 s | 600 journeys: arrived 91.0 %, fell 11 | clutt 83 doorw 81 stair 97 corne 97 mover 98 low 100 mixed 80
ppo 222: reward/step +0.014, pg -0.011 v 1.049 ent 1.244 bc 1.268 (x0.22), 2 s | 600 journeys: arrived 89.0 %, fell 11 | clutt 79 doorw 73 stair 96 corne 93 mover 100 low 100 mixed 77
ppo 223: reward/step +0.014, pg -0.014 v 0.920 ent 1.242 bc 1.272 (x0.22), 3 s | 600 journeys: arrived 88.0 %, fell 10 | clutt 77 doorw 76 stair 97 corne 91 mover 98 low 100 mixed 73
ppo 224: reward/step +0.015, pg -0.012 v 1.020 ent 1.252 bc 1.282 (x0.22), 3 s | 600 journeys: arrived 86.7 %, fell 10 | clutt 80 doorw 73 stair 95 corne 94 mover 98 low 97 mixed 70
ppo 225: reward/step +0.016, pg -0.013 v 0.839 ent 1.247 bc 1.292 (x0.22), 3 s | 600 journeys: arrived 88.7 %, fell 7 | clutt 83 doorw 79 stair 96 corne 94 mover 96 low 95 mixed 72
ppo 226: reward/step +0.022, pg -0.013 v 0.918 ent 1.231 bc 1.269 (x0.22), 2 s | 600 journeys: arrived 91.0 %, fell 5 | clutt 91 doorw 78 stair 97 corne 94 mover 97 low 100 mixed 80
ppo 227: reward/step +0.018, pg -0.009 v 1.221 ent 1.240 bc 1.289 (x0.22), 3 s | 600 journeys: arrived 90.3 %, fell 14 | clutt 85 doorw 72 stair 98 corne 95 mover 100 low 100 mixed 79
ppo 228: reward/step +0.012, pg -0.013 v 0.969 ent 1.260 bc 1.311 (x0.22), 3 s | 600 journeys: arrived 89.3 %, fell 17 | clutt 77 doorw 78 stair 98 corne 95 mover 100 low 100 mixed 75
ppo 229: reward/step +0.015, pg -0.013 v 1.016 ent 1.246 bc 1.286 (x0.21), 3 s | 600 journeys: arrived 88.3 %, fell 12 | clutt 76 doorw 74 stair 96 corne 97 mover 98 low 100 mixed 77
ppo 230: reward/step +0.019, pg -0.014 v 0.979 ent 1.250 bc 1.291 (x0.21), 2 s | 600 journeys: arrived 89.0 %, fell 12 | clutt 79 doorw 76 stair 97 corne 93 mover 97 low 100 mixed 74
ppo 231: reward/step +0.015, pg -0.014 v 0.998 ent 1.291 bc 1.338 (x0.21), 3 s | 600 journeys: arrived 90.5 %, fell 8 | clutt 85 doorw 80 stair 98 corne 93 mover 100 low 98 mixed 77
ppo 232: reward/step +0.019, pg -0.012 v 0.982 ent 1.275 bc 1.318 (x0.21), 2 s | 600 journeys: arrived 89.8 %, fell 8 | clutt 78 doorw 85 stair 97 corne 92 mover 100 low 97 mixed 79
ppo 233: reward/step +0.018, pg -0.012 v 0.999 ent 1.252 bc 1.316 (x0.21), 2 s | 600 journeys: arrived 91.0 %, fell 6 | clutt 80 doorw 84 stair 96 corne 96 mover 100 low 100 mixed 79
ppo 234: reward/step +0.013, pg -0.013 v 1.044 ent 1.260 bc 1.313 (x0.21), 2 s | 600 journeys: arrived 89.7 %, fell 8 | clutt 78 doorw 79 stair 97 corne 94 mover 100 low 98 mixed 77
ppo 235: reward/step +0.013, pg -0.012 v 1.029 ent 1.269 bc 1.310 (x0.21), 3 s | 600 journeys: arrived 87.3 %, fell 13 | clutt 75 doorw 70 stair 95 corne 94 mover 100 low 99 mixed 70
ppo 236: reward/step +0.019, pg -0.013 v 0.901 ent 1.273 bc 1.312 (x0.21), 2 s | 600 journeys: arrived 88.8 %, fell 9 | clutt 73 doorw 74 stair 96 corne 99 mover 100 low 100 mixed 74
ppo 237: reward/step +0.016, pg -0.014 v 1.065 ent 1.254 bc 1.298 (x0.20), 3 s | 600 journeys: arrived 91.7 %, fell 11 | clutt 83 doorw 79 stair 99 corne 98 mover 100 low 100 mixed 77
ppo 238: reward/step +0.018, pg -0.012 v 1.026 ent 1.246 bc 1.286 (x0.20), 2 s | 600 journeys: arrived 90.3 %, fell 15 | clutt 88 doorw 79 stair 99 corne 94 mover 100 low 97 mixed 77
ppo 239: reward/step +0.017, pg -0.012 v 0.981 ent 1.240 bc 1.310 (x0.20), 2 s | 600 journeys: arrived 90.2 %, fell 8 | clutt 84 doorw 78 stair 98 corne 94 mover 100 low 98 mixed 77
bench at 239: arrived 354/420, fell 8 (holes 0, tipped 8), off 0, timeout 55, failed 3, secs 83.1, bumps 1.06
  best so far (update 239)
ppo 240: reward/step +0.018, pg -0.012 v 0.994 ent 1.256 bc 1.309 (x0.20), 3 s | 600 journeys: arrived 88.3 %, fell 10 | clutt 80 doorw 73 stair 95 corne 92 mover 100 low 98 mixed 76
ppo 241: reward/step +0.014, pg -0.012 v 0.966 ent 1.245 bc 1.288 (x0.20), 3 s | 600 journeys: arrived 89.5 %, fell 10 | clutt 73 doorw 80 stair 94 corne 97 mover 100 low 100 mixed 75
ppo 242: reward/step +0.019, pg -0.013 v 0.858 ent 1.230 bc 1.271 (x0.20), 3 s | 600 journeys: arrived 89.2 %, fell 9 | clutt 66 doorw 90 stair 95 corne 97 mover 100 low 98 mixed 71
ppo 243: reward/step +0.016, pg -0.013 v 0.940 ent 1.229 bc 1.292 (x0.20), 3 s | 600 journeys: arrived 89.5 %, fell 9 | clutt 72 doorw 80 stair 97 corne 98 mover 100 low 99 mixed 70
ppo 244: reward/step +0.017, pg -0.012 v 1.026 ent 1.235 bc 1.283 (x0.20), 3 s | 600 journeys: arrived 87.5 %, fell 11 | clutt 82 doorw 66 stair 98 corne 95 mover 100 low 99 mixed 73
ppo 245: reward/step +0.016, pg -0.013 v 0.976 ent 1.254 bc 1.308 (x0.19), 2 s | 600 journeys: arrived 87.8 %, fell 10 | clutt 77 doorw 66 stair 97 corne 95 mover 100 low 98 mixed 75
ppo 246: reward/step +0.014, pg -0.011 v 1.243 ent 1.254 bc 1.320 (x0.19), 2 s | 600 journeys: arrived 87.7 %, fell 14 | clutt 71 doorw 71 stair 94 corne 95 mover 100 low 100 mixed 77
ppo 247: reward/step +0.012, pg -0.010 v 1.447 ent 1.260 bc 1.308 (x0.19), 2 s | 600 journeys: arrived 86.7 %, fell 24 | clutt 75 doorw 74 stair 95 corne 92 mover 98 low 100 mixed 69
ppo 248: reward/step +0.015, pg -0.010 v 1.246 ent 1.260 bc 1.316 (x0.19), 3 s | 600 journeys: arrived 87.2 %, fell 24 | clutt 77 doorw 76 stair 96 corne 93 mover 98 low 100 mixed 66
ppo 249: reward/step +0.018, pg -0.010 v 0.998 ent 1.260 bc 1.309 (x0.19), 3 s | 600 journeys: arrived 87.7 %, fell 16 | clutt 77 doorw 70 stair 97 corne 93 mover 100 low 97 mixed 76
ppo 250: reward/step +0.012, pg -0.013 v 1.064 ent 1.261 bc 1.307 (x0.19), 3 s | 600 journeys: arrived 88.2 %, fell 10 | clutt 79 doorw 70 stair 96 corne 90 mover 100 low 97 mixed 84
ppo 251: reward/step +0.014, pg -0.012 v 1.047 ent 1.261 bc 1.327 (x0.19), 3 s | 600 journeys: arrived 87.0 %, fell 13 | clutt 80 doorw 77 stair 96 corne 89 mover 98 low 100 mixed 71
ppo 252: reward/step +0.012, pg -0.012 v 1.094 ent 1.243 bc 1.300 (x0.18), 3 s | 600 journeys: arrived 87.5 %, fell 14 | clutt 75 doorw 78 stair 98 corne 94 mover 98 low 100 mixed 72
ppo 253: reward/step +0.014, pg -0.012 v 1.124 ent 1.233 bc 1.288 (x0.18), 3 s | 600 journeys: arrived 88.0 %, fell 13 | clutt 72 doorw 80 stair 98 corne 95 mover 100 low 100 mixed 72
ppo 254: reward/step +0.014, pg -0.011 v 1.113 ent 1.239 bc 1.282 (x0.18), 2 s | 600 journeys: arrived 87.8 %, fell 13 | clutt 84 doorw 73 stair 97 corne 94 mover 98 low 100 mixed 67
ppo 255: reward/step +0.018, pg -0.012 v 0.963 ent 1.263 bc 1.309 (x0.18), 2 s | 600 journeys: arrived 87.7 %, fell 9 | clutt 82 doorw 68 stair 96 corne 91 mover 100 low 100 mixed 72
ppo 256: reward/step +0.014, pg -0.009 v 1.358 ent 1.254 bc 1.313 (x0.18), 2 s | 600 journeys: arrived 88.0 %, fell 17 | clutt 78 doorw 73 stair 96 corne 93 mover 98 low 100 mixed 71
ppo 257: reward/step +0.018, pg -0.013 v 0.941 ent 1.246 bc 1.282 (x0.18), 3 s | 600 journeys: arrived 87.5 %, fell 17 | clutt 86 doorw 76 stair 93 corne 94 mover 96 low 98 mixed 64
ppo 258: reward/step +0.014, pg -0.011 v 1.092 ent 1.269 bc 1.320 (x0.18), 3 s | 600 journeys: arrived 88.7 %, fell 10 | clutt 77 doorw 78 stair 95 corne 97 mover 99 low 97 mixed 74
ppo 259: reward/step +0.016, pg -0.012 v 0.970 ent 1.251 bc 1.296 (x0.18), 3 s | 600 journeys: arrived 88.8 %, fell 10 | clutt 69 doorw 76 stair 96 corne 98 mover 99 low 99 mixed 81
bench at 259: arrived 342/420, fell 6 (holes 0, tipped 6), off 0, timeout 65, failed 7, secs 80.5, bumps 0.97
ppo 260: reward/step +0.020, pg -0.013 v 0.998 ent 1.266 bc 1.317 (x0.17), 3 s | 600 journeys: arrived 87.5 %, fell 6 | clutt 72 doorw 71 stair 97 corne 95 mover 99 low 99 mixed 74
ppo 261: reward/step +0.020, pg -0.012 v 1.011 ent 1.231 bc 1.283 (x0.17), 2 s | 600 journeys: arrived 88.3 %, fell 12 | clutt 73 doorw 75 stair 98 corne 95 mover 100 low 93 mixed 76
ppo 262: reward/step +0.016, pg -0.012 v 0.997 ent 1.239 bc 1.289 (x0.17), 3 s | 600 journeys: arrived 89.0 %, fell 14 | clutt 73 doorw 82 stair 95 corne 98 mover 98 low 96 mixed 70
ppo 263: reward/step +0.017, pg -0.011 v 1.017 ent 1.243 bc 1.284 (x0.17), 3 s | 600 journeys: arrived 88.7 %, fell 11 | clutt 79 doorw 80 stair 95 corne 97 mover 98 low 100 mixed 64
ppo 264: reward/step +0.017, pg -0.012 v 0.928 ent 1.240 bc 1.284 (x0.17), 3 s | 600 journeys: arrived 89.8 %, fell 11 | clutt 80 doorw 77 stair 98 corne 97 mover 100 low 100 mixed 71
ppo 265: reward/step +0.014, pg -0.014 v 0.916 ent 1.236 bc 1.292 (x0.17), 3 s | 600 journeys: arrived 89.0 %, fell 12 | clutt 81 doorw 77 stair 97 corne 98 mover 100 low 97 mixed 66
ppo 266: reward/step +0.020, pg -0.011 v 1.157 ent 1.258 bc 1.312 (x0.17), 2 s | 600 journeys: arrived 86.8 %, fell 14 | clutt 78 doorw 79 stair 98 corne 93 mover 100 low 97 mixed 60
ppo 267: reward/step +0.021, pg -0.013 v 0.862 ent 1.248 bc 1.308 (x0.17), 3 s | 600 journeys: arrived 90.0 %, fell 10 | clutt 80 doorw 84 stair 98 corne 95 mover 100 low 100 mixed 71
ppo 268: reward/step +0.017, pg -0.011 v 0.990 ent 1.247 bc 1.323 (x0.16), 3 s | 600 journeys: arrived 90.2 %, fell 6 | clutt 84 doorw 75 stair 97 corne 96 mover 100 low 100 mixed 80
ppo 269: reward/step +0.016, pg -0.013 v 0.966 ent 1.253 bc 1.324 (x0.16), 2 s | 600 journeys: arrived 89.2 %, fell 8 | clutt 82 doorw 76 stair 95 corne 95 mover 100 low 100 mixed 71
ppo 270: reward/step +0.019, pg -0.011 v 1.084 ent 1.235 bc 1.292 (x0.16), 2 s | 600 journeys: arrived 87.5 %, fell 12 | clutt 73 doorw 80 stair 95 corne 94 mover 100 low 100 mixed 63
ppo 271: reward/step +0.018, pg -0.013 v 0.937 ent 1.248 bc 1.290 (x0.16), 3 s | 600 journeys: arrived 88.2 %, fell 10 | clutt 76 doorw 78 stair 96 corne 92 mover 100 low 100 mixed 70
ppo 272: reward/step +0.020, pg -0.012 v 0.886 ent 1.263 bc 1.313 (x0.16), 3 s | 600 journeys: arrived 88.3 %, fell 9 | clutt 83 doorw 71 stair 96 corne 93 mover 100 low 100 mixed 71
ppo 273: reward/step +0.019, pg -0.013 v 0.935 ent 1.246 bc 1.300 (x0.16), 3 s | 600 journeys: arrived 89.5 %, fell 6 | clutt 91 doorw 69 stair 98 corne 93 mover 100 low 98 mixed 78
ppo 274: reward/step +0.018, pg -0.012 v 1.008 ent 1.240 bc 1.296 (x0.16), 3 s | 600 journeys: arrived 88.2 %, fell 11 | clutt 90 doorw 70 stair 96 corne 93 mover 96 low 97 mixed 74
ppo 275: reward/step +0.018, pg -0.013 v 0.892 ent 1.237 bc 1.288 (x0.16), 3 s | 600 journeys: arrived 88.7 %, fell 8 | clutt 89 doorw 80 stair 95 corne 93 mover 96 low 98 mixed 69
ppo 276: reward/step +0.017, pg -0.012 v 0.960 ent 1.243 bc 1.315 (x0.16), 3 s | 600 journeys: arrived 88.5 %, fell 7 | clutt 73 doorw 77 stair 97 corne 93 mover 100 low 98 mixed 77
ppo 277: reward/step +0.019, pg -0.011 v 1.134 ent 1.237 bc 1.302 (x0.15), 3 s | 600 journeys: arrived 87.7 %, fell 12 | clutt 75 doorw 74 stair 96 corne 94 mover 99 low 95 mixed 73
ppo 278: reward/step +0.023, pg -0.010 v 1.105 ent 1.239 bc 1.286 (x0.15), 3 s | 600 journeys: arrived 89.3 %, fell 18 | clutt 81 doorw 82 stair 97 corne 93 mover 98 low 95 mixed 76
ppo 279: reward/step +0.019, pg -0.012 v 1.010 ent 1.235 bc 1.303 (x0.15), 3 s | 600 journeys: arrived 89.8 %, fell 14 | clutt 82 doorw 86 stair 97 corne 94 mover 100 low 100 mixed 71
bench at 279: arrived 363/420, fell 8 (holes 0, tipped 8), off 0, timeout 47, failed 2, secs 80.7, bumps 1.24
  best so far (update 279)
ppo 280: reward/step +0.012, pg -0.010 v 1.153 ent 1.249 bc 1.320 (x0.15), 3 s | 600 journeys: arrived 86.8 %, fell 15 | clutt 78 doorw 73 stair 94 corne 94 mover 97 low 100 mixed 67
ppo 281: reward/step +0.015, pg -0.011 v 1.124 ent 1.237 bc 1.289 (x0.15), 3 s | 600 journeys: arrived 87.2 %, fell 18 | clutt 77 doorw 65 stair 94 corne 97 mover 97 low 100 mixed 75
ppo 282: reward/step +0.017, pg -0.012 v 0.933 ent 1.235 bc 1.303 (x0.15), 3 s | 600 journeys: arrived 88.3 %, fell 11 | clutt 75 doorw 72 stair 96 corne 96 mover 98 low 97 mixed 80
ppo 283: reward/step +0.022, pg -0.012 v 0.965 ent 1.229 bc 1.281 (x0.15), 3 s | 600 journeys: arrived 88.7 %, fell 9 | clutt 77 doorw 77 stair 94 corne 94 mover 97 low 95 mixed 78
ppo 284: reward/step +0.023, pg -0.011 v 0.924 ent 1.225 bc 1.272 (x0.15), 3 s | 600 journeys: arrived 89.7 %, fell 8 | clutt 85 doorw 76 stair 96 corne 93 mover 100 low 98 mixed 78
ppo 285: reward/step +0.022, pg -0.013 v 0.898 ent 1.245 bc 1.301 (x0.14), 3 s | 600 journeys: arrived 89.0 %, fell 7 | clutt 80 doorw 78 stair 92 corne 93 mover 100 low 100 mixed 78
ppo 286: reward/step +0.022, pg -0.011 v 1.024 ent 1.245 bc 1.294 (x0.14), 3 s | 600 journeys: arrived 89.5 %, fell 9 | clutt 80 doorw 83 stair 92 corne 95 mover 98 low 97 mixed 77
ppo 287: reward/step +0.022, pg -0.013 v 0.976 ent 1.267 bc 1.327 (x0.14), 2 s | 600 journeys: arrived 91.5 %, fell 11 | clutt 84 doorw 86 stair 96 corne 95 mover 100 low 97 mixed 79
ppo 288: reward/step +0.024, pg -0.013 v 0.807 ent 1.265 bc 1.354 (x0.14), 3 s | 600 journeys: arrived 92.8 %, fell 8 | clutt 86 doorw 85 stair 97 corne 96 mover 98 low 100 mixed 84
ppo 289: reward/step +0.019, pg -0.011 v 1.052 ent 1.256 bc 1.314 (x0.14), 3 s | 600 journeys: arrived 89.8 %, fell 12 | clutt 82 doorw 78 stair 97 corne 93 mover 96 low 100 mixed 78
ppo 290: reward/step +0.019, pg -0.012 v 0.959 ent 1.259 bc 1.309 (x0.14), 3 s | 600 journeys: arrived 88.8 %, fell 11 | clutt 78 doorw 74 stair 99 corne 93 mover 98 low 100 mixed 75
ppo 291: reward/step +0.020, pg -0.012 v 1.096 ent 1.229 bc 1.299 (x0.14), 3 s | 600 journeys: arrived 90.3 %, fell 15 | clutt 72 doorw 78 stair 97 corne 96 mover 98 low 100 mixed 84
ppo 292: reward/step +0.019, pg -0.012 v 1.038 ent 1.238 bc 1.315 (x0.14), 3 s | 600 journeys: arrived 89.3 %, fell 13 | clutt 75 doorw 75 stair 96 corne 96 mover 100 low 98 mixed 78
ppo 293: reward/step +0.020, pg -0.012 v 1.014 ent 1.251 bc 1.328 (x0.13), 2 s | 600 journeys: arrived 89.0 %, fell 13 | clutt 82 doorw 78 stair 96 corne 93 mover 100 low 98 mixed 70
ppo 294: reward/step +0.025, pg -0.011 v 1.025 ent 1.282 bc 1.340 (x0.13), 3 s | 600 journeys: arrived 89.0 %, fell 11 | clutt 81 doorw 82 stair 98 corne 92 mover 98 low 100 mixed 71
ppo 295: reward/step +0.021, pg -0.012 v 1.004 ent 1.282 bc 1.356 (x0.13), 3 s | 600 journeys: arrived 92.0 %, fell 6 | clutt 82 doorw 86 stair 98 corne 96 mover 99 low 98 mixed 84
ppo 296: reward/step +0.017, pg -0.011 v 1.119 ent 1.263 bc 1.353 (x0.13), 3 s | 600 journeys: arrived 91.5 %, fell 11 | clutt 81 doorw 82 stair 99 corne 97 mover 99 low 98 mixed 82
ppo 297: reward/step +0.022, pg -0.011 v 1.100 ent 1.253 bc 1.327 (x0.13), 3 s | 600 journeys: arrived 89.2 %, fell 12 | clutt 81 doorw 79 stair 98 corne 94 mover 97 low 97 mixed 73
ppo 298: reward/step +0.019, pg -0.011 v 1.069 ent 1.252 bc 1.316 (x0.13), 2 s | 600 journeys: arrived 90.8 %, fell 13 | clutt 79 doorw 86 stair 98 corne 95 mover 100 low 97 mixed 80
ppo 299: reward/step +0.018, pg -0.011 v 1.092 ent 1.244 bc 1.320 (x0.13), 2 s | 600 journeys: arrived 90.8 %, fell 14 | clutt 77 doorw 82 stair 95 corne 95 mover 100 low 98 mixed 84
bench at 299: arrived 362/420, fell 3 (holes 0, tipped 3), off 0, timeout 54, failed 1, secs 78.5, bumps 1.14
  best so far (update 299)
ppo 300: reward/step +0.022, pg -0.011 v 0.957 ent 1.256 bc 1.324 (x0.12), 3 s | 600 journeys: arrived 89.3 %, fell 12 | clutt 76 doorw 75 stair 97 corne 97 mover 100 low 96 mixed 75
ppo 301: reward/step +0.017, pg -0.012 v 1.044 ent 1.250 bc 1.317 (x0.12), 3 s | 600 journeys: arrived 89.8 %, fell 14 | clutt 77 doorw 78 stair 98 corne 96 mover 98 low 98 mixed 73
ppo 302: reward/step +0.018, pg -0.011 v 1.118 ent 1.277 bc 1.350 (x0.12), 3 s | 600 journeys: arrived 89.0 %, fell 13 | clutt 82 doorw 81 stair 94 corne 97 mover 97 low 97 mixed 71
ppo 303: reward/step +0.023, pg -0.013 v 0.841 ent 1.286 bc 1.339 (x0.12), 2 s | 600 journeys: arrived 90.5 %, fell 8 | clutt 88 doorw 77 stair 96 corne 95 mover 96 low 98 mixed 80
ppo 304: reward/step +0.021, pg -0.011 v 0.972 ent 1.284 bc 1.369 (x0.12), 3 s | 600 journeys: arrived 90.3 %, fell 8 | clutt 86 doorw 78 stair 97 corne 91 mover 100 low 100 mixed 83
ppo 305: reward/step +0.019, pg -0.010 v 1.046 ent 1.283 bc 1.356 (x0.12), 3 s | 600 journeys: arrived 91.0 %, fell 12 | clutt 92 doorw 82 stair 96 corne 95 mover 97 low 98 mixed 73
ppo 306: reward/step +0.016, pg -0.012 v 0.967 ent 1.302 bc 1.356 (x0.12), 3 s | 600 journeys: arrived 89.5 %, fell 14 | clutt 81 doorw 88 stair 95 corne 94 mover 95 low 98 mixed 72
ppo 307: reward/step +0.021, pg -0.012 v 0.876 ent 1.282 bc 1.350 (x0.12), 2 s | 600 journeys: arrived 89.2 %, fell 9 | clutt 79 doorw 84 stair 96 corne 94 mover 98 low 98 mixed 76
ppo 308: reward/step +0.026, pg -0.012 v 0.887 ent 1.280 bc 1.337 (x0.11), 3 s | 600 journeys: arrived 90.7 %, fell 7 | clutt 81 doorw 80 stair 96 corne 95 mover 100 low 97 mixed 83
ppo 309: reward/step +0.018, pg -0.011 v 1.027 ent 1.276 bc 1.362 (x0.11), 3 s | 600 journeys: arrived 91.0 %, fell 9 | clutt 80 doorw 80 stair 96 corne 97 mover 98 low 100 mixed 76
ppo 310: reward/step +0.018, pg -0.011 v 1.012 ent 1.277 bc 1.364 (x0.11), 3 s | 600 journeys: arrived 90.7 %, fell 12 | clutt 69 doorw 83 stair 98 corne 98 mover 99 low 100 mixed 76
ppo 311: reward/step +0.020, pg -0.012 v 0.976 ent 1.292 bc 1.382 (x0.11), 3 s | 600 journeys: arrived 90.3 %, fell 7 | clutt 77 doorw 82 stair 96 corne 94 mover 100 low 100 mixed 82
ppo 312: reward/step +0.019, pg -0.011 v 1.036 ent 1.294 bc 1.366 (x0.11), 3 s | 600 journeys: arrived 91.0 %, fell 8 | clutt 85 doorw 80 stair 98 corne 95 mover 100 low 100 mixed 77
ppo 313: reward/step +0.014, pg -0.010 v 1.162 ent 1.285 bc 1.369 (x0.11), 3 s | 600 journeys: arrived 89.7 %, fell 12 | clutt 75 doorw 85 stair 96 corne 95 mover 96 low 99 mixed 77
ppo 314: reward/step +0.021, pg -0.010 v 1.190 ent 1.261 bc 1.335 (x0.11), 3 s | 600 journeys: arrived 88.2 %, fell 17 | clutt 70 doorw 84 stair 95 corne 94 mover 98 low 99 mixed 72
ppo 315: reward/step +0.023, pg -0.012 v 0.981 ent 1.258 bc 1.331 (x0.11), 2 s | 600 journeys: arrived 90.0 %, fell 12 | clutt 78 doorw 84 stair 95 corne 92 mover 100 low 100 mixed 77
ppo 316: reward/step +0.022, pg -0.011 v 0.946 ent 1.241 bc 1.307 (x0.10), 3 s | 600 journeys: arrived 88.8 %, fell 6 | clutt 77 doorw 82 stair 97 corne 92 mover 98 low 100 mixed 72
ppo 317: reward/step +0.024, pg -0.011 v 0.989 ent 1.258 bc 1.331 (x0.10), 2 s | 600 journeys: arrived 88.3 %, fell 10 | clutt 74 doorw 78 stair 98 corne 91 mover 98 low 100 mixed 74
ppo 318: reward/step +0.018, pg -0.010 v 1.320 ent 1.279 bc 1.367 (x0.10), 3 s | 600 journeys: arrived 89.7 %, fell 15 | clutt 76 doorw 85 stair 98 corne 91 mover 100 low 98 mixed 77
ppo 319: reward/step +0.023, pg -0.011 v 1.033 ent 1.255 bc 1.343 (x0.10), 3 s | 600 journeys: arrived 89.3 %, fell 14 | clutt 77 doorw 79 stair 94 corne 95 mover 100 low 98 mixed 85
bench at 319: arrived 362/420, fell 9 (holes 0, tipped 9), off 0, timeout 45, failed 4, secs 74.3, bumps 1.69
ppo 320: reward/step +0.023, pg -0.010 v 0.998 ent 1.249 bc 1.321 (x0.10), 2 s | 600 journeys: arrived 89.5 %, fell 11 | clutt 79 doorw 74 stair 93 corne 93 mover 100 low 98 mixed 86
ppo 321: reward/step +0.028, pg -0.012 v 0.851 ent 1.258 bc 1.323 (x0.10), 3 s | 600 journeys: arrived 92.3 %, fell 10 | clutt 82 doorw 84 stair 98 corne 98 mover 100 low 98 mixed 82
ppo 322: reward/step +0.021, pg -0.011 v 1.058 ent 1.270 bc 1.370 (x0.10), 3 s | 600 journeys: arrived 91.0 %, fell 10 | clutt 83 doorw 85 stair 98 corne 95 mover 100 low 100 mixed 74
ppo 323: reward/step +0.022, pg -0.011 v 0.970 ent 1.250 bc 1.356 (x0.10), 3 s | 600 journeys: arrived 88.7 %, fell 12 | clutt 77 doorw 82 stair 98 corne 88 mover 100 low 98 mixed 74
ppo 324: reward/step +0.020, pg -0.010 v 1.206 ent 1.252 bc 1.353 (x0.09), 3 s | 600 journeys: arrived 89.0 %, fell 16 | clutt 79 doorw 82 stair 99 corne 90 mover 100 low 100 mixed 75
ppo 325: reward/step +0.019, pg -0.011 v 1.061 ent 1.267 bc 1.363 (x0.09), 3 s | 600 journeys: arrived 89.5 %, fell 17 | clutt 81 doorw 76 stair 97 corne 96 mover 100 low 100 mixed 76
ppo 326: reward/step +0.016, pg -0.010 v 1.119 ent 1.257 bc 1.369 (x0.09), 2 s | 600 journeys: arrived 89.2 %, fell 17 | clutt 83 doorw 75 stair 97 corne 93 mover 100 low 98 mixed 76
ppo 327: reward/step +0.018, pg -0.011 v 1.063 ent 1.253 bc 1.352 (x0.09), 3 s | 600 journeys: arrived 88.2 %, fell 16 | clutt 78 doorw 78 stair 98 corne 93 mover 100 low 98 mixed 73
ppo 328: reward/step +0.023, pg -0.010 v 0.882 ent 1.259 bc 1.328 (x0.09), 3 s | 600 journeys: arrived 89.3 %, fell 7 | clutt 87 doorw 83 stair 95 corne 95 mover 100 low 100 mixed 71
ppo 329: reward/step +0.027, pg -0.010 v 1.082 ent 1.265 bc 1.369 (x0.09), 3 s | 600 journeys: arrived 89.0 %, fell 12 | clutt 84 doorw 77 stair 94 corne 94 mover 98 low 99 mixed 71
ppo 330: reward/step +0.024, pg -0.011 v 0.986 ent 1.265 bc 1.353 (x0.09), 3 s | 600 journeys: arrived 90.5 %, fell 12 | clutt 83 doorw 79 stair 95 corne 92 mover 100 low 98 mixed 81
ppo 331: reward/step +0.024, pg -0.010 v 0.978 ent 1.283 bc 1.379 (x0.09), 3 s | 600 journeys: arrived 90.8 %, fell 12 | clutt 82 doorw 82 stair 97 corne 94 mover 100 low 100 mixed 81
ppo 332: reward/step +0.025, pg -0.011 v 0.955 ent 1.279 bc 1.378 (x0.09), 2 s | 600 journeys: arrived 92.2 %, fell 9 | clutt 84 doorw 91 stair 98 corne 94 mover 100 low 100 mixed 78
ppo 333: reward/step +0.023, pg -0.011 v 0.958 ent 1.281 bc 1.395 (x0.08), 3 s | 600 journeys: arrived 91.3 %, fell 10 | clutt 83 doorw 85 stair 96 corne 93 mover 100 low 100 mixed 81
ppo 334: reward/step +0.017, pg -0.010 v 1.039 ent 1.272 bc 1.375 (x0.08), 2 s | 600 journeys: arrived 89.7 %, fell 12 | clutt 76 doorw 83 stair 92 corne 93 mover 100 low 98 mixed 86
ppo 335: reward/step +0.021, pg -0.011 v 1.037 ent 1.288 bc 1.413 (x0.08), 2 s | 600 journeys: arrived 88.2 %, fell 8 | clutt 81 doorw 86 stair 91 corne 91 mover 100 low 98 mixed 72
ppo 336: reward/step +0.024, pg -0.011 v 0.935 ent 1.278 bc 1.376 (x0.08), 2 s | 600 journeys: arrived 91.2 %, fell 5 | clutt 88 doorw 89 stair 95 corne 92 mover 100 low 100 mixed 77
ppo 337: reward/step +0.025, pg -0.010 v 1.047 ent 1.259 bc 1.368 (x0.08), 2 s | 600 journeys: arrived 92.0 %, fell 9 | clutt 86 doorw 87 stair 98 corne 95 mover 100 low 100 mixed 75
ppo 338: reward/step +0.028, pg -0.011 v 0.859 ent 1.238 bc 1.345 (x0.08), 2 s | 600 journeys: arrived 90.3 %, fell 10 | clutt 86 doorw 77 stair 98 corne 93 mover 100 low 100 mixed 71
ppo 339: reward/step +0.029, pg -0.010 v 0.877 ent 1.258 bc 1.368 (x0.08), 2 s | 600 journeys: arrived 91.2 %, fell 4 | clutt 81 doorw 83 stair 99 corne 89 mover 100 low 100 mixed 82
bench at 339: arrived 367/420, fell 4 (holes 0, tipped 4), off 0, timeout 47, failed 2, secs 73.0, bumps 1.34
  best so far (update 339)
ppo 340: reward/step +0.024, pg -0.011 v 0.967 ent 1.254 bc 1.388 (x0.08), 3 s | 600 journeys: arrived 92.0 %, fell 10 | clutt 84 doorw 86 stair 98 corne 94 mover 100 low 100 mixed 76
ppo 341: reward/step +0.020, pg -0.009 v 1.074 ent 1.285 bc 1.404 (x0.07), 3 s | 600 journeys: arrived 89.8 %, fell 14 | clutt 88 doorw 76 stair 97 corne 93 mover 100 low 100 mixed 79
ppo 342: reward/step +0.027, pg -0.010 v 1.022 ent 1.269 bc 1.378 (x0.07), 3 s | 600 journeys: arrived 90.8 %, fell 10 | clutt 85 doorw 83 stair 94 corne 96 mover 98 low 100 mixed 80
ppo 343: reward/step +0.024, pg -0.010 v 1.018 ent 1.277 bc 1.392 (x0.07), 2 s | 600 journeys: arrived 92.7 %, fell 11 | clutt 86 doorw 85 stair 96 corne 98 mover 98 low 99 mixed 83
ppo 344: reward/step +0.024, pg -0.011 v 1.023 ent 1.265 bc 1.384 (x0.07), 2 s | 600 journeys: arrived 91.5 %, fell 13 | clutt 88 doorw 83 stair 98 corne 92 mover 100 low 97 mixed 81
ppo 345: reward/step +0.026, pg -0.011 v 1.015 ent 1.286 bc 1.391 (x0.07), 3 s | 600 journeys: arrived 91.8 %, fell 12 | clutt 85 doorw 85 stair 97 corne 93 mover 100 low 98 mixed 81
ppo 346: reward/step +0.022, pg -0.011 v 0.964 ent 1.279 bc 1.398 (x0.07), 2 s | 600 journeys: arrived 92.7 %, fell 9 | clutt 86 doorw 89 stair 92 corne 96 mover 98 low 97 mixed 90
ppo 347: reward/step +0.021, pg -0.010 v 1.090 ent 1.289 bc 1.405 (x0.07), 2 s | 600 journeys: arrived 90.0 %, fell 10 | clutt 83 doorw 82 stair 94 corne 93 mover 100 low 98 mixed 79
ppo 348: reward/step +0.024, pg -0.010 v 0.974 ent 1.266 bc 1.390 (x0.07), 3 s | 600 journeys: arrived 89.7 %, fell 15 | clutt 87 doorw 80 stair 95 corne 94 mover 100 low 99 mixed 68
ppo 349: reward/step +0.020, pg -0.010 v 1.092 ent 1.276 bc 1.398 (x0.06), 2 s | 600 journeys: arrived 89.2 %, fell 11 | clutt 87 doorw 85 stair 96 corne 89 mover 100 low 97 mixed 72
ppo 350: reward/step +0.025, pg -0.010 v 0.894 ent 1.254 bc 1.353 (x0.06), 2 s | 600 journeys: arrived 90.0 %, fell 12 | clutt 87 doorw 79 stair 96 corne 94 mover 100 low 97 mixed 79
ppo 351: reward/step +0.030, pg -0.009 v 1.006 ent 1.246 bc 1.374 (x0.06), 2 s | 600 journeys: arrived 90.8 %, fell 12 | clutt 83 doorw 83 stair 98 corne 95 mover 98 low 99 mixed 76
ppo 352: reward/step +0.027, pg -0.010 v 0.911 ent 1.262 bc 1.403 (x0.06), 3 s | 600 journeys: arrived 92.0 %, fell 8 | clutt 86 doorw 84 stair 98 corne 93 mover 97 low 97 mixed 84
ppo 353: reward/step +0.025, pg -0.010 v 0.988 ent 1.265 bc 1.411 (x0.06), 3 s | 600 journeys: arrived 92.2 %, fell 9 | clutt 91 doorw 78 stair 98 corne 96 mover 97 low 99 mixed 82
ppo 354: reward/step +0.027, pg -0.010 v 0.950 ent 1.250 bc 1.376 (x0.06), 3 s | 600 journeys: arrived 91.3 %, fell 10 | clutt 88 doorw 82 stair 96 corne 94 mover 100 low 99 mixed 81
ppo 355: reward/step +0.030, pg -0.010 v 0.892 ent 1.244 bc 1.372 (x0.06), 2 s | 600 journeys: arrived 91.0 %, fell 11 | clutt 85 doorw 87 stair 95 corne 94 mover 100 low 100 mixed 74
ppo 356: reward/step +0.027, pg -0.010 v 1.120 ent 1.256 bc 1.406 (x0.05), 3 s | 600 journeys: arrived 91.5 %, fell 14 | clutt 85 doorw 88 stair 96 corne 93 mover 100 low 100 mixed 78
ppo 357: reward/step +0.027, pg -0.009 v 1.007 ent 1.242 bc 1.388 (x0.05), 3 s | 600 journeys: arrived 92.2 %, fell 13 | clutt 90 doorw 89 stair 96 corne 93 mover 98 low 100 mixed 80
ppo 358: reward/step +0.031, pg -0.011 v 0.889 ent 1.244 bc 1.374 (x0.05), 3 s | 600 journeys: arrived 91.7 %, fell 14 | clutt 91 doorw 88 stair 97 corne 95 mover 99 low 100 mixed 72
ppo 359: reward/step +0.029, pg -0.011 v 0.835 ent 1.237 bc 1.383 (x0.05), 2 s | 600 journeys: arrived 91.3 %, fell 10 | clutt 96 doorw 88 stair 99 corne 91 mover 98 low 100 mixed 72
bench at 359: arrived 379/420, fell 8 (holes 0, tipped 8), off 0, timeout 30, failed 3, secs 75.5, bumps 1.70
  best so far (update 359)
ppo 360: reward/step +0.029, pg -0.010 v 0.848 ent 1.243 bc 1.404 (x0.05), 3 s | 600 journeys: arrived 91.3 %, fell 10 | clutt 93 doorw 77 stair 99 corne 95 mover 100 low 100 mixed 78
ppo 361: reward/step +0.027, pg -0.008 v 1.170 ent 1.232 bc 1.404 (x0.05), 3 s | 600 journeys: arrived 89.8 %, fell 14 | clutt 80 doorw 74 stair 94 corne 94 mover 100 low 100 mixed 82
ppo 362: reward/step +0.022, pg -0.009 v 1.042 ent 1.255 bc 1.446 (x0.05), 2 s | 600 journeys: arrived 89.5 %, fell 12 | clutt 86 doorw 80 stair 95 corne 91 mover 100 low 100 mixed 76
ppo 363: reward/step +0.023, pg -0.010 v 1.045 ent 1.265 bc 1.436 (x0.05), 3 s | 600 journeys: arrived 90.3 %, fell 10 | clutt 95 doorw 80 stair 96 corne 96 mover 100 low 98 mixed 68
ppo 364: reward/step +0.024, pg -0.010 v 1.014 ent 1.249 bc 1.408 (x0.05), 2 s | 600 journeys: arrived 90.8 %, fell 9 | clutt 89 doorw 81 stair 98 corne 95 mover 100 low 98 mixed 72
ppo 365: reward/step +0.024, pg -0.011 v 1.110 ent 1.246 bc 1.416 (x0.05), 3 s | 600 journeys: arrived 89.3 %, fell 13 | clutt 83 doorw 80 stair 96 corne 93 mover 100 low 98 mixed 76
ppo 366: reward/step +0.030, pg -0.010 v 0.919 ent 1.242 bc 1.410 (x0.05), 2 s | 600 journeys: arrived 88.7 %, fell 13 | clutt 81 doorw 79 stair 98 corne 89 mover 98 low 100 mixed 77
ppo 367: reward/step +0.028, pg -0.010 v 0.951 ent 1.260 bc 1.437 (x0.05), 2 s | 600 journeys: arrived 91.8 %, fell 11 | clutt 87 doorw 82 stair 99 corne 94 mover 100 low 99 mixed 81
ppo 368: reward/step +0.025, pg -0.009 v 1.167 ent 1.266 bc 1.446 (x0.05), 3 s | 600 journeys: arrived 91.5 %, fell 14 | clutt 93 doorw 73 stair 99 corne 96 mover 100 low 98 mixed 79
ppo 369: reward/step +0.022, pg -0.009 v 1.066 ent 1.277 bc 1.448 (x0.05), 3 s | 600 journeys: arrived 90.5 %, fell 13 | clutt 91 doorw 77 stair 97 corne 96 mover 100 low 100 mixed 75
ppo 370: reward/step +0.027, pg -0.009 v 1.038 ent 1.276 bc 1.451 (x0.05), 2 s | 600 journeys: arrived 91.8 %, fell 13 | clutt 91 doorw 81 stair 97 corne 98 mover 100 low 100 mixed 78
ppo 371: reward/step +0.027, pg -0.009 v 1.159 ent 1.277 bc 1.432 (x0.05), 3 s | 600 journeys: arrived 90.0 %, fell 18 | clutt 92 doorw 74 stair 96 corne 96 mover 100 low 100 mixed 79
ppo 372: reward/step +0.035, pg -0.009 v 0.804 ent 1.268 bc 1.456 (x0.05), 2 s | 600 journeys: arrived 92.7 %, fell 9 | clutt 93 doorw 83 stair 96 corne 95 mover 100 low 98 mixed 84
ppo 373: reward/step +0.029, pg -0.010 v 1.036 ent 1.279 bc 1.457 (x0.05), 3 s | 600 journeys: arrived 93.8 %, fell 10 | clutt 89 doorw 81 stair 98 corne 99 mover 100 low 98 mixed 86
ppo 374: reward/step +0.028, pg -0.010 v 1.020 ent 1.260 bc 1.405 (x0.05), 2 s | 600 journeys: arrived 90.7 %, fell 15 | clutt 83 doorw 76 stair 97 corne 94 mover 100 low 100 mixed 82
ppo 375: reward/step +0.030, pg -0.009 v 1.117 ent 1.281 bc 1.448 (x0.05), 3 s | 600 journeys: arrived 91.8 %, fell 15 | clutt 92 doorw 89 stair 98 corne 93 mover 100 low 100 mixed 74
ppo 376: reward/step +0.029, pg -0.009 v 0.977 ent 1.264 bc 1.440 (x0.05), 2 s | 600 journeys: arrived 92.8 %, fell 12 | clutt 86 doorw 84 stair 98 corne 95 mover 100 low 100 mixed 84
ppo 377: reward/step +0.026, pg -0.010 v 0.973 ent 1.277 bc 1.447 (x0.05), 2 s | 600 journeys: arrived 90.7 %, fell 7 | clutt 86 doorw 79 stair 98 corne 93 mover 100 low 97 mixed 82
ppo 378: reward/step +0.028, pg -0.010 v 1.050 ent 1.279 bc 1.432 (x0.05), 2 s | 600 journeys: arrived 91.8 %, fell 11 | clutt 83 doorw 88 stair 98 corne 95 mover 100 low 99 mixed 78
ppo 379: reward/step +0.023, pg -0.009 v 1.183 ent 1.290 bc 1.497 (x0.05), 3 s | 600 journeys: arrived 92.5 %, fell 16 | clutt 88 doorw 87 stair 98 corne 96 mover 100 low 100 mixed 78
bench at 379: arrived 385/420, fell 9 (holes 0, tipped 9), off 0, timeout 20, failed 6, secs 73.4, bumps 1.46
  best so far (update 379)
ppo 380: reward/step +0.021, pg -0.009 v 1.020 ent 1.274 bc 1.454 (x0.05), 3 s | 600 journeys: arrived 90.7 %, fell 16 | clutt 83 doorw 79 stair 96 corne 96 mover 100 low 100 mixed 82
ppo 381: reward/step +0.024, pg -0.009 v 1.084 ent 1.256 bc 1.435 (x0.05), 2 s | 600 journeys: arrived 90.0 %, fell 16 | clutt 83 doorw 81 stair 97 corne 97 mover 100 low 100 mixed 70
ppo 382: reward/step +0.027, pg -0.010 v 0.956 ent 1.266 bc 1.444 (x0.05), 3 s | 600 journeys: arrived 90.2 %, fell 12 | clutt 81 doorw 82 stair 98 corne 93 mover 100 low 98 mixed 79
ppo 383: reward/step +0.024, pg -0.009 v 1.024 ent 1.268 bc 1.442 (x0.05), 3 s | 600 journeys: arrived 91.5 %, fell 12 | clutt 84 doorw 81 stair 99 corne 94 mover 98 low 98 mixed 84
ppo 384: reward/step +0.030, pg -0.010 v 0.907 ent 1.256 bc 1.436 (x0.05), 2 s | 600 journeys: arrived 90.5 %, fell 9 | clutt 89 doorw 75 stair 98 corne 95 mover 98 low 100 mixed 76
ppo 385: reward/step +0.026, pg -0.009 v 0.998 ent 1.252 bc 1.445 (x0.05), 3 s | 600 journeys: arrived 90.3 %, fell 10 | clutt 87 doorw 79 stair 98 corne 90 mover 100 low 100 mixed 79
ppo 386: reward/step +0.028, pg -0.008 v 1.014 ent 1.251 bc 1.434 (x0.05), 3 s | 600 journeys: arrived 90.8 %, fell 12 | clutt 87 doorw 82 stair 98 corne 89 mover 100 low 100 mixed 83
ppo 387: reward/step +0.029, pg -0.009 v 0.895 ent 1.278 bc 1.477 (x0.05), 3 s | 600 journeys: arrived 92.0 %, fell 10 | clutt 93 doorw 80 stair 99 corne 92 mover 100 low 97 mixed 83
ppo 388: reward/step +0.024, pg -0.009 v 1.075 ent 1.279 bc 1.468 (x0.05), 3 s | 600 journeys: arrived 92.3 %, fell 13 | clutt 83 doorw 84 stair 100 corne 98 mover 100 low 99 mixed 80
ppo 389: reward/step +0.027, pg -0.009 v 0.831 ent 1.258 bc 1.427 (x0.05), 3 s | 600 journeys: arrived 91.7 %, fell 10 | clutt 82 doorw 82 stair 93 corne 98 mover 100 low 100 mixed 83
ppo 390: reward/step +0.029, pg -0.009 v 0.908 ent 1.275 bc 1.457 (x0.05), 2 s | 600 journeys: arrived 90.8 %, fell 7 | clutt 83 doorw 83 stair 95 corne 95 mover 100 low 100 mixed 78
ppo 391: reward/step +0.023, pg -0.009 v 0.940 ent 1.281 bc 1.483 (x0.05), 3 s | 600 journeys: arrived 91.3 %, fell 7 | clutt 87 doorw 85 stair 98 corne 94 mover 100 low 100 mixed 75
ppo 392: reward/step +0.028, pg -0.008 v 0.958 ent 1.234 bc 1.400 (x0.05), 2 s | 600 journeys: arrived 90.7 %, fell 11 | clutt 80 doorw 85 stair 100 corne 94 mover 100 low 100 mixed 75
ppo 393: reward/step +0.025, pg -0.009 v 1.049 ent 1.270 bc 1.457 (x0.05), 2 s | 600 journeys: arrived 92.2 %, fell 13 | clutt 83 doorw 85 stair 99 corne 96 mover 100 low 96 mixed 81
ppo 394: reward/step +0.020, pg -0.009 v 1.086 ent 1.261 bc 1.452 (x0.05), 2 s | 600 journeys: arrived 92.7 %, fell 9 | clutt 85 doorw 88 stair 98 corne 96 mover 97 low 98 mixed 84
ppo 395: reward/step +0.027, pg -0.008 v 0.982 ent 1.249 bc 1.441 (x0.05), 3 s | 600 journeys: arrived 89.3 %, fell 12 | clutt 78 doorw 86 stair 94 corne 95 mover 97 low 100 mixed 76
ppo 396: reward/step +0.026, pg -0.010 v 0.997 ent 1.260 bc 1.455 (x0.05), 3 s | 600 journeys: arrived 90.5 %, fell 10 | clutt 85 doorw 83 stair 92 corne 98 mover 100 low 98 mixed 76
ppo 397: reward/step +0.029, pg -0.009 v 0.787 ent 1.253 bc 1.449 (x0.05), 3 s | 600 journeys: arrived 92.5 %, fell 7 | clutt 86 doorw 79 stair 97 corne 98 mover 100 low 100 mixed 85
ppo 398: reward/step +0.025, pg -0.009 v 0.828 ent 1.258 bc 1.436 (x0.05), 2 s | 600 journeys: arrived 92.5 %, fell 5 | clutt 90 doorw 81 stair 99 corne 94 mover 100 low 98 mixed 85
ppo 399: reward/step +0.030, pg -0.010 v 0.894 ent 1.275 bc 1.467 (x0.05), 2 s | 600 journeys: arrived 91.5 %, fell 8 | clutt 88 doorw 89 stair 96 corne 92 mover 100 low 98 mixed 78
bench at 399: arrived 380/420, fell 5 (holes 0, tipped 5), off 0, timeout 27, failed 8, secs 74.1, bumps 1.45
  best so far (update 399)
ppo 400: reward/step +0.028, pg -0.009 v 0.865 ent 1.245 bc 1.444 (x0.05), 3 s | 600 journeys: arrived 91.3 %, fell 9 | clutt 79 doorw 87 stair 98 corne 92 mover 100 low 100 mixed 84
ppo 401: reward/step +0.023, pg -0.009 v 0.895 ent 1.254 bc 1.447 (x0.05), 3 s | 600 journeys: arrived 90.8 %, fell 5 | clutt 79 doorw 82 stair 95 corne 95 mover 100 low 100 mixed 84
ppo 402: reward/step +0.026, pg -0.009 v 1.136 ent 1.259 bc 1.443 (x0.05), 3 s | 600 journeys: arrived 90.3 %, fell 14 | clutt 80 doorw 79 stair 95 corne 95 mover 100 low 100 mixed 80
ppo 403: reward/step +0.028, pg -0.008 v 1.143 ent 1.258 bc 1.429 (x0.05), 2 s | 600 journeys: arrived 91.5 %, fell 16 | clutt 90 doorw 80 stair 97 corne 96 mover 100 low 100 mixed 80
ppo 404: reward/step +0.030, pg -0.009 v 0.877 ent 1.258 bc 1.472 (x0.05), 3 s | 600 journeys: arrived 93.7 %, fell 10 | clutt 93 doorw 85 stair 98 corne 95 mover 98 low 99 mixed 89
ppo 405: reward/step +0.027, pg -0.008 v 1.000 ent 1.261 bc 1.461 (x0.05), 2 s | 600 journeys: arrived 93.0 %, fell 10 | clutt 90 doorw 86 stair 99 corne 98 mover 98 low 99 mixed 77
ppo 406: reward/step +0.025, pg -0.006 v 1.091 ent 1.255 bc 1.439 (x0.05), 2 s | 600 journeys: arrived 92.2 %, fell 16 | clutt 88 doorw 82 stair 98 corne 97 mover 100 low 100 mixed 75
ppo 407: reward/step +0.026, pg -0.009 v 1.023 ent 1.243 bc 1.427 (x0.05), 2 s | 600 journeys: arrived 90.8 %, fell 17 | clutt 81 doorw 82 stair 96 corne 96 mover 100 low 100 mixed 74
ppo 408: reward/step +0.026, pg -0.008 v 1.057 ent 1.279 bc 1.493 (x0.05), 2 s | 600 journeys: arrived 90.7 %, fell 11 | clutt 91 doorw 82 stair 96 corne 96 mover 97 low 100 mixed 76
ppo 409: reward/step +0.025, pg -0.007 v 1.097 ent 1.281 bc 1.487 (x0.05), 2 s | 600 journeys: arrived 90.5 %, fell 14 | clutt 88 doorw 78 stair 97 corne 95 mover 98 low 99 mixed 79
ppo 410: reward/step +0.022, pg -0.007 v 1.226 ent 1.262 bc 1.466 (x0.05), 2 s | 600 journeys: arrived 89.8 %, fell 16 | clutt 80 doorw 84 stair 93 corne 95 mover 100 low 99 mixed 80
ppo 411: reward/step +0.024, pg -0.008 v 1.049 ent 1.274 bc 1.466 (x0.05), 3 s | 600 journeys: arrived 90.3 %, fell 13 | clutt 86 doorw 74 stair 97 corne 94 mover 100 low 98 mixed 83
ppo 412: reward/step +0.025, pg -0.008 v 1.059 ent 1.257 bc 1.441 (x0.05), 3 s | 600 journeys: arrived 90.7 %, fell 13 | clutt 94 doorw 73 stair 98 corne 95 mover 98 low 98 mixed 83
ppo 413: reward/step +0.029, pg -0.007 v 1.052 ent 1.256 bc 1.439 (x0.05), 2 s | 600 journeys: arrived 90.0 %, fell 13 | clutt 87 doorw 84 stair 95 corne 95 mover 97 low 99 mixed 76
ppo 414: reward/step +0.029, pg -0.008 v 0.972 ent 1.273 bc 1.466 (x0.05), 2 s | 600 journeys: arrived 92.0 %, fell 9 | clutt 89 doorw 88 stair 96 corne 94 mover 99 low 100 mixed 79
ppo 415: reward/step +0.025, pg -0.008 v 0.980 ent 1.251 bc 1.428 (x0.05), 2 s | 600 journeys: arrived 91.5 %, fell 13 | clutt 87 doorw 86 stair 96 corne 94 mover 98 low 100 mixed 77
ppo 416: reward/step +0.026, pg -0.008 v 0.853 ent 1.271 bc 1.470 (x0.05), 2 s | 600 journeys: arrived 90.5 %, fell 6 | clutt 87 doorw 85 stair 98 corne 93 mover 99 low 98 mixed 72
ppo 417: reward/step +0.029, pg -0.008 v 0.918 ent 1.256 bc 1.418 (x0.05), 3 s | 600 journeys: arrived 90.3 %, fell 8 | clutt 84 doorw 85 stair 99 corne 97 mover 99 low 100 mixed 70
ppo 418: reward/step +0.036, pg -0.009 v 0.762 ent 1.234 bc 1.415 (x0.05), 2 s | 600 journeys: arrived 94.0 %, fell 6 | clutt 92 doorw 85 stair 98 corne 99 mover 98 low 100 mixed 84
ppo 419: reward/step +0.028, pg -0.008 v 0.878 ent 1.244 bc 1.458 (x0.05), 2 s | 600 journeys: arrived 94.0 %, fell 5 | clutt 92 doorw 83 stair 98 corne 96 mover 100 low 100 mixed 89
bench at 419: arrived 376/420, fell 8 (holes 0, tipped 8), off 0, timeout 31, failed 5, secs 73.3, bumps 1.89
ppo 420: reward/step +0.031, pg -0.008 v 0.858 ent 1.239 bc 1.436 (x0.05), 3 s | 600 journeys: arrived 93.5 %, fell 9 | clutt 91 doorw 83 stair 98 corne 96 mover 98 low 100 mixed 84
ppo 421: reward/step +0.025, pg -0.008 v 0.951 ent 1.244 bc 1.453 (x0.05), 2 s | 600 journeys: arrived 90.8 %, fell 10 | clutt 88 doorw 78 stair 96 corne 95 mover 99 low 100 mixed 75
ppo 422: reward/step +0.031, pg -0.008 v 0.931 ent 1.263 bc 1.480 (x0.05), 2 s | 600 journeys: arrived 90.3 %, fell 10 | clutt 88 doorw 73 stair 98 corne 96 mover 100 low 100 mixed 73
ppo 423: reward/step +0.031, pg -0.008 v 0.835 ent 1.268 bc 1.482 (x0.05), 3 s | 600 journeys: arrived 91.0 %, fell 7 | clutt 84 doorw 82 stair 98 corne 90 mover 100 low 100 mixed 79
ppo 424: reward/step +0.027, pg -0.007 v 1.142 ent 1.275 bc 1.492 (x0.05), 2 s | 600 journeys: arrived 91.7 %, fell 12 | clutt 87 doorw 84 stair 97 corne 92 mover 100 low 100 mixed 81
ppo 425: reward/step +0.032, pg -0.008 v 0.901 ent 1.265 bc 1.470 (x0.05), 2 s | 600 journeys: arrived 92.2 %, fell 12 | clutt 86 doorw 80 stair 96 corne 95 mover 100 low 100 mixed 87
ppo 426: reward/step +0.031, pg -0.008 v 0.844 ent 1.247 bc 1.433 (x0.05), 3 s | 600 journeys: arrived 92.0 %, fell 8 | clutt 89 doorw 81 stair 96 corne 92 mover 100 low 100 mixed 84
ppo 427: reward/step +0.027, pg -0.007 v 0.969 ent 1.254 bc 1.463 (x0.05), 3 s | 600 journeys: arrived 92.3 %, fell 8 | clutt 87 doorw 86 stair 98 corne 94 mover 100 low 100 mixed 80
ppo 428: reward/step +0.024, pg -0.008 v 1.091 ent 1.272 bc 1.499 (x0.05), 3 s | 600 journeys: arrived 91.7 %, fell 15 | clutt 84 doorw 88 stair 98 corne 94 mover 100 low 96 mixed 81
ppo 429: reward/step +0.030, pg -0.008 v 0.899 ent 1.243 bc 1.445 (x0.05), 3 s | 600 journeys: arrived 91.5 %, fell 11 | clutt 92 doorw 85 stair 96 corne 95 mover 98 low 97 mixed 78
ppo 430: reward/step +0.034, pg -0.008 v 0.799 ent 1.242 bc 1.456 (x0.05), 2 s | 600 journeys: arrived 93.0 %, fell 5 | clutt 95 doorw 85 stair 97 corne 97 mover 98 low 100 mixed 79
ppo 431: reward/step +0.030, pg -0.008 v 1.006 ent 1.258 bc 1.476 (x0.05), 2 s | 600 journeys: arrived 93.3 %, fell 7 | clutt 89 doorw 87 stair 98 corne 96 mover 100 low 100 mixed 84
ppo 432: reward/step +0.028, pg -0.007 v 1.020 ent 1.250 bc 1.467 (x0.05), 3 s | 600 journeys: arrived 92.5 %, fell 12 | clutt 84 doorw 86 stair 97 corne 94 mover 100 low 100 mixed 85
ppo 433: reward/step +0.031, pg -0.007 v 0.953 ent 1.257 bc 1.447 (x0.05), 2 s | 600 journeys: arrived 92.8 %, fell 12 | clutt 87 doorw 87 stair 98 corne 93 mover 100 low 100 mixed 86
ppo 434: reward/step +0.025, pg -0.007 v 0.939 ent 1.259 bc 1.482 (x0.05), 3 s | 600 journeys: arrived 91.2 %, fell 11 | clutt 87 doorw 76 stair 98 corne 91 mover 98 low 100 mixed 89
ppo 435: reward/step +0.028, pg -0.007 v 1.038 ent 1.281 bc 1.482 (x0.05), 3 s | 600 journeys: arrived 91.8 %, fell 12 | clutt 84 doorw 79 stair 99 corne 94 mover 97 low 99 mixed 89
ppo 436: reward/step +0.032, pg -0.007 v 1.002 ent 1.276 bc 1.484 (x0.05), 2 s | 600 journeys: arrived 90.8 %, fell 15 | clutt 74 doorw 86 stair 99 corne 94 mover 100 low 99 mixed 81
ppo 437: reward/step +0.030, pg -0.007 v 0.942 ent 1.271 bc 1.502 (x0.05), 2 s | 600 journeys: arrived 92.8 %, fell 10 | clutt 87 doorw 89 stair 97 corne 94 mover 97 low 98 mixed 85
ppo 438: reward/step +0.025, pg -0.006 v 1.032 ent 1.287 bc 1.505 (x0.05), 2 s | 600 journeys: arrived 92.2 %, fell 12 | clutt 89 doorw 81 stair 98 corne 94 mover 99 low 100 mixed 83
ppo 439: reward/step +0.023, pg -0.006 v 1.097 ent 1.280 bc 1.465 (x0.05), 3 s | 600 journeys: arrived 91.3 %, fell 14 | clutt 80 doorw 82 stair 98 corne 96 mover 98 low 100 mixed 82
bench at 439: arrived 374/420, fell 8 (holes 0, tipped 8), off 0, timeout 36, failed 2, secs 73.1, bumps 2.17
ppo 440: reward/step +0.033, pg -0.006 v 0.927 ent 1.259 bc 1.441 (x0.05), 3 s | 600 journeys: arrived 91.5 %, fell 8 | clutt 82 doorw 85 stair 95 corne 93 mover 100 low 99 mixed 86
ppo 441: reward/step +0.028, pg -0.007 v 0.998 ent 1.238 bc 1.445 (x0.05), 3 s | 600 journeys: arrived 92.5 %, fell 11 | clutt 81 doorw 85 stair 96 corne 97 mover 100 low 100 mixed 85
ppo 442: reward/step +0.023, pg -0.007 v 0.960 ent 1.237 bc 1.451 (x0.05), 2 s | 600 journeys: arrived 90.3 %, fell 11 | clutt 85 doorw 77 stair 96 corne 94 mover 100 low 100 mixed 77
ppo 443: reward/step +0.025, pg -0.007 v 1.065 ent 1.252 bc 1.445 (x0.05), 2 s | 600 journeys: arrived 88.5 %, fell 15 | clutt 81 doorw 75 stair 95 corne 95 mover 98 low 100 mixed 76
ppo 444: reward/step +0.032, pg -0.007 v 0.838 ent 1.238 bc 1.431 (x0.05), 2 s | 600 journeys: arrived 92.0 %, fell 10 | clutt 81 doorw 79 stair 98 corne 96 mover 100 low 100 mixed 88
ppo 445: reward/step +0.029, pg -0.007 v 1.054 ent 1.239 bc 1.445 (x0.05), 2 s | 600 journeys: arrived 92.7 %, fell 9 | clutt 87 doorw 84 stair 97 corne 94 mover 100 low 98 mixed 88
ppo 446: reward/step +0.034, pg -0.008 v 0.990 ent 1.230 bc 1.413 (x0.05), 2 s | 600 journeys: arrived 92.2 %, fell 12 | clutt 91 doorw 89 stair 96 corne 93 mover 100 low 98 mixed 81
ppo 447: reward/step +0.028, pg -0.007 v 0.894 ent 1.246 bc 1.435 (x0.05), 2 s | 600 journeys: arrived 92.8 %, fell 8 | clutt 89 doorw 89 stair 96 corne 95 mover 98 low 100 mixed 82
ppo 448: reward/step +0.028, pg -0.007 v 1.072 ent 1.238 bc 1.439 (x0.05), 3 s | 600 journeys: arrived 91.0 %, fell 12 | clutt 86 doorw 82 stair 97 corne 92 mover 96 low 98 mixed 84
ppo 449: reward/step +0.028, pg -0.007 v 1.021 ent 1.239 bc 1.435 (x0.05), 2 s | 600 journeys: arrived 92.3 %, fell 12 | clutt 89 doorw 82 stair 97 corne 94 mover 100 low 100 mixed 83
ppo 450: reward/step +0.027, pg -0.007 v 1.081 ent 1.242 bc 1.468 (x0.05), 2 s | 600 journeys: arrived 91.2 %, fell 13 | clutt 83 doorw 86 stair 97 corne 92 mover 98 low 100 mixed 85
ppo 451: reward/step +0.026, pg -0.006 v 1.057 ent 1.233 bc 1.450 (x0.05), 3 s | 600 journeys: arrived 90.7 %, fell 12 | clutt 83 doorw 83 stair 97 corne 92 mover 100 low 95 mixed 84
ppo 452: reward/step +0.032, pg -0.007 v 0.975 ent 1.272 bc 1.478 (x0.05), 3 s | 600 journeys: arrived 91.2 %, fell 12 | clutt 88 doorw 76 stair 98 corne 93 mover 99 low 97 mixed 86
ppo 453: reward/step +0.030, pg -0.007 v 0.866 ent 1.248 bc 1.465 (x0.05), 2 s | 600 journeys: arrived 93.3 %, fell 5 | clutt 86 doorw 87 stair 96 corne 94 mover 100 low 100 mixed 87
ppo 454: reward/step +0.031, pg -0.006 v 0.974 ent 1.247 bc 1.434 (x0.05), 2 s | 600 journeys: arrived 92.2 %, fell 10 | clutt 81 doorw 89 stair 97 corne 95 mover 100 low 97 mixed 85
ppo 455: reward/step +0.024, pg -0.006 v 1.057 ent 1.254 bc 1.479 (x0.05), 2 s | 600 journeys: arrived 92.0 %, fell 12 | clutt 88 doorw 86 stair 96 corne 97 mover 100 low 98 mixed 81
ppo 456: reward/step +0.028, pg -0.007 v 0.965 ent 1.271 bc 1.454 (x0.05), 3 s | 600 journeys: arrived 88.8 %, fell 12 | clutt 82 doorw 77 stair 95 corne 91 mover 100 low 100 mixed 77
ppo 457: reward/step +0.025, pg -0.005 v 1.017 ent 1.258 bc 1.457 (x0.05), 2 s | 600 journeys: arrived 90.8 %, fell 12 | clutt 84 doorw 84 stair 97 corne 93 mover 100 low 100 mixed 78
ppo 458: reward/step +0.028, pg -0.007 v 0.967 ent 1.258 bc 1.415 (x0.05), 2 s | 600 journeys: arrived 91.0 %, fell 12 | clutt 85 doorw 83 stair 99 corne 94 mover 100 low 100 mixed 73
ppo 459: reward/step +0.030, pg -0.007 v 1.023 ent 1.252 bc 1.424 (x0.05), 2 s | 600 journeys: arrived 90.7 %, fell 11 | clutt 84 doorw 82 stair 98 corne 92 mover 100 low 100 mixed 75
bench at 459: arrived 388/420, fell 9 (holes 0, tipped 9), off 0, timeout 21, failed 2, secs 74.2, bumps 1.78
ppo 460: reward/step +0.030, pg -0.007 v 0.849 ent 1.241 bc 1.417 (x0.05), 3 s | 600 journeys: arrived 92.3 %, fell 9 | clutt 88 doorw 87 stair 98 corne 94 mover 100 low 98 mixed 80
ppo 461: reward/step +0.022, pg -0.006 v 1.115 ent 1.281 bc 1.496 (x0.05), 3 s | 600 journeys: arrived 91.0 %, fell 15 | clutt 85 doorw 87 stair 98 corne 94 mover 100 low 98 mixed 75
ppo 462: reward/step +0.029, pg -0.006 v 1.096 ent 1.283 bc 1.524 (x0.05), 2 s | 600 journeys: arrived 90.2 %, fell 16 | clutt 86 doorw 84 stair 97 corne 88 mover 100 low 100 mixed 76
ppo 463: reward/step +0.028, pg -0.006 v 0.954 ent 1.260 bc 1.470 (x0.05), 2 s | 600 journeys: arrived 90.2 %, fell 10 | clutt 84 doorw 81 stair 96 corne 93 mover 100 low 100 mixed 78
ppo 464: reward/step +0.033, pg -0.007 v 0.841 ent 1.242 bc 1.431 (x0.05), 2 s | 600 journeys: arrived 91.5 %, fell 7 | clutt 86 doorw 89 stair 97 corne 92 mover 100 low 98 mixed 80
ppo 465: reward/step +0.029, pg -0.006 v 1.045 ent 1.235 bc 1.436 (x0.05), 2 s | 600 journeys: arrived 90.5 %, fell 10 | clutt 81 doorw 83 stair 99 corne 89 mover 100 low 100 mixed 80
ppo 466: reward/step +0.033, pg -0.007 v 0.910 ent 1.245 bc 1.456 (x0.05), 2 s | 600 journeys: arrived 92.0 %, fell 6 | clutt 89 doorw 84 stair 98 corne 90 mover 100 low 100 mixed 84
ppo 467: reward/step +0.027, pg -0.006 v 1.018 ent 1.252 bc 1.497 (x0.05), 3 s | 600 journeys: arrived 92.5 %, fell 8 | clutt 88 doorw 85 stair 95 corne 92 mover 100 low 100 mixed 89
ppo 468: reward/step +0.025, pg -0.006 v 1.107 ent 1.262 bc 1.497 (x0.05), 2 s | 600 journeys: arrived 90.5 %, fell 15 | clutt 90 doorw 80 stair 96 corne 96 mover 96 low 100 mixed 76
ppo 469: reward/step +0.022, pg -0.005 v 1.167 ent 1.266 bc 1.505 (x0.05), 2 s | 600 journeys: arrived 89.5 %, fell 15 | clutt 86 doorw 74 stair 97 corne 93 mover 97 low 100 mixed 78
ppo 470: reward/step +0.024, pg -0.005 v 1.116 ent 1.288 bc 1.486 (x0.05), 2 s | 600 journeys: arrived 88.2 %, fell 17 | clutt 82 doorw 74 stair 96 corne 93 mover 98 low 98 mixed 78
ppo 471: reward/step +0.032, pg -0.006 v 0.965 ent 1.252 bc 1.445 (x0.05), 2 s | 600 journeys: arrived 91.7 %, fell 10 | clutt 89 doorw 84 stair 98 corne 90 mover 97 low 100 mixed 83
ppo 472: reward/step +0.029, pg -0.006 v 1.060 ent 1.263 bc 1.437 (x0.05), 2 s | 600 journeys: arrived 91.7 %, fell 13 | clutt 88 doorw 89 stair 98 corne 92 mover 96 low 100 mixed 77
ppo 473: reward/step +0.023, pg -0.005 v 1.178 ent 1.275 bc 1.501 (x0.05), 2 s | 600 journeys: arrived 91.7 %, fell 15 | clutt 90 doorw 83 stair 95 corne 97 mover 95 low 100 mixed 81
ppo 474: reward/step +0.027, pg -0.006 v 1.000 ent 1.244 bc 1.439 (x0.05), 2 s | 600 journeys: arrived 90.3 %, fell 14 | clutt 87 doorw 81 stair 93 corne 93 mover 95 low 100 mixed 84
ppo 475: reward/step +0.025, pg -0.006 v 1.057 ent 1.251 bc 1.465 (x0.05), 2 s | 600 journeys: arrived 90.8 %, fell 11 | clutt 87 doorw 81 stair 96 corne 95 mover 100 low 97 mixed 79
ppo 476: reward/step +0.026, pg -0.006 v 1.054 ent 1.245 bc 1.461 (x0.05), 2 s | 600 journeys: arrived 88.8 %, fell 13 | clutt 81 doorw 80 stair 98 corne 92 mover 100 low 97 mixed 73
ppo 477: reward/step +0.030, pg -0.006 v 1.057 ent 1.239 bc 1.431 (x0.05), 2 s | 600 journeys: arrived 91.5 %, fell 13 | clutt 78 doorw 90 stair 99 corne 95 mover 100 low 100 mixed 72
ppo 478: reward/step +0.024, pg -0.005 v 1.097 ent 1.258 bc 1.474 (x0.05), 2 s | 600 journeys: arrived 91.8 %, fell 11 | clutt 80 doorw 86 stair 97 corne 94 mover 100 low 98 mixed 84
ppo 479: reward/step +0.022, pg -0.005 v 1.249 ent 1.287 bc 1.506 (x0.05), 2 s | 600 journeys: arrived 90.8 %, fell 15 | clutt 85 doorw 84 stair 96 corne 90 mover 100 low 99 mixed 82
bench at 479: arrived 386/420, fell 8 (holes 0, tipped 8), off 0, timeout 24, failed 2, secs 74.5, bumps 1.57
ppo 480: reward/step +0.026, pg -0.006 v 0.917 ent 1.274 bc 1.472 (x0.05), 2 s | 600 journeys: arrived 90.2 %, fell 9 | clutt 91 doorw 79 stair 96 corne 90 mover 99 low 100 mixed 78
ppo 481: reward/step +0.029, pg -0.006 v 0.927 ent 1.247 bc 1.432 (x0.05), 2 s | 600 journeys: arrived 90.0 %, fell 9 | clutt 91 doorw 79 stair 97 corne 91 mover 100 low 100 mixed 74
ppo 482: reward/step +0.031, pg -0.006 v 0.952 ent 1.246 bc 1.428 (x0.05), 2 s | 600 journeys: arrived 91.5 %, fell 11 | clutt 87 doorw 83 stair 98 corne 96 mover 98 low 100 mixed 75
ppo 483: reward/step +0.028, pg -0.006 v 1.011 ent 1.268 bc 1.493 (x0.05), 2 s | 600 journeys: arrived 91.7 %, fell 13 | clutt 87 doorw 84 stair 96 corne 96 mover 97 low 100 mixed 78
ppo 484: reward/step +0.023, pg -0.006 v 1.029 ent 1.260 bc 1.468 (x0.05), 2 s | 600 journeys: arrived 91.2 %, fell 14 | clutt 86 doorw 83 stair 96 corne 94 mover 98 low 98 mixed 85
ppo 485: reward/step +0.025, pg -0.005 v 1.153 ent 1.238 bc 1.452 (x0.05), 2 s | 600 journeys: arrived 89.2 %, fell 18 | clutt 83 doorw 78 stair 96 corne 95 mover 100 low 98 mixed 76
ppo 486: reward/step +0.025, pg -0.005 v 1.216 ent 1.256 bc 1.465 (x0.05), 2 s | 600 journeys: arrived 89.2 %, fell 20 | clutt 83 doorw 79 stair 97 corne 92 mover 100 low 98 mixed 74
ppo 487: reward/step +0.023, pg -0.005 v 1.100 ent 1.275 bc 1.497 (x0.05), 2 s | 600 journeys: arrived 89.7 %, fell 15 | clutt 88 doorw 81 stair 98 corne 89 mover 100 low 100 mixed 69
ppo 488: reward/step +0.029, pg -0.005 v 0.975 ent 1.264 bc 1.459 (x0.05), 2 s | 600 journeys: arrived 92.0 %, fell 12 | clutt 91 doorw 89 stair 99 corne 93 mover 100 low 98 mixed 73
ppo 489: reward/step +0.030, pg -0.005 v 0.942 ent 1.251 bc 1.443 (x0.05), 2 s | 600 journeys: arrived 92.8 %, fell 11 | clutt 92 doorw 84 stair 98 corne 95 mover 100 low 96 mixed 85
ppo 490: reward/step +0.027, pg -0.005 v 0.960 ent 1.254 bc 1.467 (x0.05), 2 s | 600 journeys: arrived 91.3 %, fell 10 | clutt 87 doorw 81 stair 99 corne 92 mover 96 low 97 mixed 87
ppo 491: reward/step +0.031, pg -0.006 v 0.900 ent 1.257 bc 1.459 (x0.05), 3 s | 600 journeys: arrived 92.8 %, fell 10 | clutt 91 doorw 86 stair 99 corne 91 mover 96 low 99 mixed 88
ppo 492: reward/step +0.032, pg -0.005 v 0.981 ent 1.259 bc 1.464 (x0.05), 3 s | 600 journeys: arrived 93.0 %, fell 9 | clutt 89 doorw 89 stair 98 corne 91 mover 100 low 98 mixed 87
ppo 493: reward/step +0.035, pg -0.005 v 0.826 ent 1.247 bc 1.444 (x0.05), 2 s | 600 journeys: arrived 93.2 %, fell 8 | clutt 90 doorw 88 stair 97 corne 97 mover 97 low 100 mixed 83
ppo 494: reward/step +0.034, pg -0.005 v 0.963 ent 1.255 bc 1.420 (x0.05), 3 s | 600 journeys: arrived 93.8 %, fell 10 | clutt 91 doorw 87 stair 99 corne 97 mover 100 low 100 mixed 81
ppo 495: reward/step +0.033, pg -0.005 v 0.852 ent 1.251 bc 1.427 (x0.05), 3 s | 600 journeys: arrived 93.2 %, fell 12 | clutt 87 doorw 89 stair 100 corne 95 mover 100 low 100 mixed 79
ppo 496: reward/step +0.030, pg -0.005 v 0.971 ent 1.279 bc 1.477 (x0.05), 3 s | 600 journeys: arrived 92.2 %, fell 14 | clutt 89 doorw 87 stair 97 corne 96 mover 100 low 100 mixed 76
ppo 497: reward/step +0.028, pg -0.005 v 0.914 ent 1.261 bc 1.447 (x0.05), 2 s | 600 journeys: arrived 93.5 %, fell 6 | clutt 92 doorw 90 stair 98 corne 93 mover 100 low 100 mixed 82
ppo 498: reward/step +0.029, pg -0.005 v 1.082 ent 1.261 bc 1.440 (x0.05), 3 s | 600 journeys: arrived 91.8 %, fell 12 | clutt 89 doorw 89 stair 97 corne 91 mover 100 low 100 mixed 79
ppo 499: reward/step +0.028, pg -0.004 v 1.026 ent 1.274 bc 1.480 (x0.05), 2 s | 600 journeys: arrived 90.8 %, fell 8 | clutt 92 doorw 84 stair 96 corne 91 mover 98 low 100 mixed 77
bench at 499: arrived 376/420, fell 8 (holes 0, tipped 8), off 0, timeout 33, failed 3, secs 72.5, bumps 1.56
ppo 500: reward/step +0.029, pg -0.004 v 1.051 ent 1.268 bc 1.456 (x0.05), 3 s | 600 journeys: arrived 92.0 %, fell 10 | clutt 85 doorw 80 stair 96 corne 94 mover 99 low 100 mixed 86
ppo 501: reward/step +0.028, pg -0.005 v 0.949 ent 1.263 bc 1.434 (x0.05), 2 s | 600 journeys: arrived 91.0 %, fell 7 | clutt 85 doorw 84 stair 96 corne 91 mover 100 low 100 mixed 81
ppo 502: reward/step +0.028, pg -0.005 v 1.063 ent 1.266 bc 1.460 (x0.05), 3 s | 600 journeys: arrived 90.0 %, fell 10 | clutt 84 doorw 82 stair 97 corne 89 mover 100 low 100 mixed 79
ppo 503: reward/step +0.028, pg -0.005 v 0.946 ent 1.274 bc 1.466 (x0.05), 3 s | 600 journeys: arrived 91.2 %, fell 11 | clutt 80 doorw 84 stair 97 corne 94 mover 100 low 100 mixed 82
ppo 504: reward/step +0.028, pg -0.005 v 0.848 ent 1.246 bc 1.451 (x0.05), 3 s | 600 journeys: arrived 92.0 %, fell 9 | clutt 89 doorw 86 stair 98 corne 97 mover 100 low 99 mixed 74
ppo 505: reward/step +0.028, pg -0.005 v 1.009 ent 1.254 bc 1.447 (x0.05), 2 s | 600 journeys: arrived 91.0 %, fell 13 | clutt 82 doorw 81 stair 97 corne 96 mover 100 low 99 mixed 75
ppo 506: reward/step +0.029, pg -0.005 v 1.004 ent 1.234 bc 1.442 (x0.05), 3 s | 600 journeys: arrived 90.5 %, fell 11 | clutt 85 doorw 74 stair 98 corne 95 mover 100 low 100 mixed 79
ppo 507: reward/step +0.028, pg -0.004 v 1.068 ent 1.250 bc 1.457 (x0.05), 3 s | 600 journeys: arrived 91.5 %, fell 13 | clutt 87 doorw 81 stair 96 corne 96 mover 100 low 100 mixed 76
ppo 508: reward/step +0.023, pg -0.004 v 1.059 ent 1.256 bc 1.474 (x0.05), 3 s | 600 journeys: arrived 91.8 %, fell 14 | clutt 85 doorw 83 stair 96 corne 97 mover 100 low 100 mixed 79
ppo 509: reward/step +0.028, pg -0.004 v 1.011 ent 1.251 bc 1.460 (x0.05), 2 s | 600 journeys: arrived 90.7 %, fell 10 | clutt 82 doorw 85 stair 93 corne 93 mover 100 low 100 mixed 82
ppo 510: reward/step +0.033, pg -0.004 v 0.965 ent 1.233 bc 1.439 (x0.05), 2 s | 600 journeys: arrived 91.5 %, fell 12 | clutt 87 doorw 83 stair 96 corne 94 mover 98 low 100 mixed 81
ppo 511: reward/step +0.029, pg -0.004 v 0.834 ent 1.240 bc 1.424 (x0.05), 2 s | 600 journeys: arrived 94.0 %, fell 7 | clutt 96 doorw 83 stair 98 corne 98 mover 98 low 100 mixed 84
ppo 512: reward/step +0.028, pg -0.005 v 0.922 ent 1.249 bc 1.448 (x0.05), 3 s | 600 journeys: arrived 92.2 %, fell 9 | clutt 90 doorw 81 stair 98 corne 94 mover 97 low 100 mixed 84
ppo 513: reward/step +0.027, pg -0.004 v 1.327 ent 1.264 bc 1.487 (x0.05), 3 s | 600 journeys: arrived 91.0 %, fell 16 | clutt 83 doorw 83 stair 97 corne 91 mover 99 low 98 mixed 85
ppo 514: reward/step +0.033, pg -0.004 v 0.967 ent 1.260 bc 1.454 (x0.05), 2 s | 600 journeys: arrived 91.8 %, fell 16 | clutt 81 doorw 87 stair 98 corne 88 mover 100 low 97 mixed 90
ppo 515: reward/step +0.032, pg -0.005 v 0.813 ent 1.282 bc 1.474 (x0.05), 2 s | 600 journeys: arrived 93.0 %, fell 8 | clutt 84 doorw 89 stair 97 corne 89 mover 100 low 96 mixed 93
ppo 516: reward/step +0.031, pg -0.004 v 0.843 ent 1.276 bc 1.490 (x0.05), 2 s | 600 journeys: arrived 92.8 %, fell 3 | clutt 87 doorw 88 stair 98 corne 94 mover 100 low 99 mixed 83
ppo 517: reward/step +0.033, pg -0.004 v 0.968 ent 1.258 bc 1.456 (x0.05), 2 s | 600 journeys: arrived 93.0 %, fell 7 | clutt 90 doorw 86 stair 99 corne 95 mover 100 low 100 mixed 83
ppo 518: reward/step +0.034, pg -0.004 v 0.879 ent 1.258 bc 1.448 (x0.05), 2 s | 600 journeys: arrived 93.7 %, fell 10 | clutt 91 doorw 86 stair 99 corne 97 mover 98 low 100 mixed 85
ppo 519: reward/step +0.026, pg -0.004 v 1.047 ent 1.256 bc 1.488 (x0.05), 2 s | 600 journeys: arrived 92.8 %, fell 15 | clutt 90 doorw 88 stair 98 corne 95 mover 97 low 100 mixed 80
bench at 519: arrived 390/420, fell 8 (holes 0, tipped 8), off 0, timeout 21, failed 1, secs 73.4, bumps 1.95
  best so far (update 519)
ppo 520: reward/step +0.031, pg -0.004 v 0.920 ent 1.233 bc 1.411 (x0.05), 3 s | 600 journeys: arrived 92.7 %, fell 10 | clutt 88 doorw 92 stair 98 corne 92 mover 97 low 98 mixed 82
ppo 521: reward/step +0.028, pg -0.004 v 0.968 ent 1.261 bc 1.482 (x0.05), 2 s | 600 journeys: arrived 90.0 %, fell 12 | clutt 89 doorw 85 stair 95 corne 92 mover 100 low 98 mixed 73
ppo 522: reward/step +0.029, pg -0.004 v 0.992 ent 1.249 bc 1.448 (x0.05), 3 s | 600 journeys: arrived 92.2 %, fell 11 | clutt 91 doorw 87 stair 99 corne 92 mover 100 low 100 mixed 77
ppo 523: reward/step +0.026, pg -0.004 v 1.074 ent 1.245 bc 1.451 (x0.05), 2 s | 600 journeys: arrived 91.7 %, fell 11 | clutt 88 doorw 83 stair 100 corne 93 mover 100 low 98 mixed 76
ppo 524: reward/step +0.028, pg -0.004 v 1.033 ent 1.246 bc 1.444 (x0.05), 2 s | 600 journeys: arrived 90.8 %, fell 13 | clutt 80 doorw 79 stair 99 corne 94 mover 100 low 97 mixed 81
ppo 525: reward/step +0.028, pg -0.004 v 1.106 ent 1.246 bc 1.485 (x0.05), 2 s | 600 journeys: arrived 92.3 %, fell 11 | clutt 86 doorw 84 stair 99 corne 95 mover 98 low 98 mixed 80
ppo 526: reward/step +0.036, pg -0.004 v 0.923 ent 1.240 bc 1.417 (x0.05), 2 s | 600 journeys: arrived 93.5 %, fell 11 | clutt 86 doorw 88 stair 98 corne 98 mover 100 low 100 mixed 82
ppo 527: reward/step +0.033, pg -0.004 v 0.950 ent 1.227 bc 1.407 (x0.05), 2 s | 600 journeys: arrived 92.7 %, fell 9 | clutt 92 doorw 90 stair 98 corne 95 mover 98 low 100 mixed 73
ppo 528: reward/step +0.032, pg -0.003 v 1.021 ent 1.228 bc 1.440 (x0.05), 2 s | 600 journeys: arrived 92.2 %, fell 11 | clutt 94 doorw 84 stair 97 corne 92 mover 98 low 100 mixed 83
ppo 529: reward/step +0.026, pg -0.003 v 0.910 ent 1.232 bc 1.440 (x0.05), 2 s | 600 journeys: arrived 92.3 %, fell 12 | clutt 88 doorw 85 stair 98 corne 93 mover 98 low 100 mixed 85
ppo 530: reward/step +0.029, pg -0.004 v 0.979 ent 1.219 bc 1.401 (x0.05), 2 s | 600 journeys: arrived 90.7 %, fell 12 | clutt 79 doorw 81 stair 98 corne 93 mover 98 low 100 mixed 80
ppo 531: reward/step +0.029, pg -0.003 v 1.051 ent 1.270 bc 1.478 (x0.05), 2 s | 600 journeys: arrived 90.8 %, fell 10 | clutt 84 doorw 82 stair 98 corne 95 mover 100 low 98 mixed 80
ppo 532: reward/step +0.027, pg -0.003 v 0.978 ent 1.260 bc 1.474 (x0.05), 2 s | 600 journeys: arrived 93.3 %, fell 7 | clutt 88 doorw 87 stair 96 corne 96 mover 100 low 99 mixed 87
ppo 533: reward/step +0.030, pg -0.003 v 0.969 ent 1.243 bc 1.429 (x0.05), 2 s | 600 journeys: arrived 91.8 %, fell 6 | clutt 89 doorw 87 stair 98 corne 93 mover 99 low 97 mixed 79
ppo 534: reward/step +0.031, pg -0.004 v 0.852 ent 1.238 bc 1.445 (x0.05), 2 s | 600 journeys: arrived 92.8 %, fell 8 | clutt 89 doorw 86 stair 99 corne 93 mover 100 low 98 mixed 82
ppo 535: reward/step +0.031, pg -0.004 v 0.977 ent 1.246 bc 1.444 (x0.05), 2 s | 600 journeys: arrived 91.7 %, fell 9 | clutt 86 doorw 82 stair 96 corne 94 mover 100 low 99 mixed 84
ppo 536: reward/step +0.028, pg -0.003 v 1.011 ent 1.260 bc 1.484 (x0.05), 2 s | 600 journeys: arrived 92.3 %, fell 10 | clutt 90 doorw 81 stair 95 corne 92 mover 100 low 98 mixed 92
ppo 537: reward/step +0.030, pg -0.003 v 1.119 ent 1.274 bc 1.498 (x0.05), 2 s | 600 journeys: arrived 90.3 %, fell 12 | clutt 88 doorw 83 stair 93 corne 88 mover 98 low 98 mixed 87
ppo 538: reward/step +0.028, pg -0.002 v 1.158 ent 1.261 bc 1.458 (x0.05), 2 s | 600 journeys: arrived 90.7 %, fell 17 | clutt 82 doorw 84 stair 96 corne 90 mover 96 low 97 mixed 87
ppo 539: reward/step +0.031, pg -0.003 v 0.908 ent 1.244 bc 1.459 (x0.05), 2 s | 600 journeys: arrived 90.5 %, fell 12 | clutt 87 doorw 78 stair 99 corne 92 mover 98 low 97 mixed 78
bench at 539: arrived 392/420, fell 3 (holes 0, tipped 3), off 0, timeout 24, failed 1, secs 72.2, bumps 1.26
  best so far (update 539)
ppo 540: reward/step +0.030, pg -0.003 v 0.952 ent 1.256 bc 1.481 (x0.05), 3 s | 600 journeys: arrived 91.8 %, fell 9 | clutt 91 doorw 79 stair 98 corne 94 mover 100 low 97 mixed 82
ppo 541: reward/step +0.028, pg -0.003 v 1.051 ent 1.272 bc 1.502 (x0.05), 2 s | 600 journeys: arrived 92.8 %, fell 9 | clutt 89 doorw 78 stair 99 corne 95 mover 100 low 97 mixed 89
ppo 542: reward/step +0.031, pg -0.003 v 0.778 ent 1.252 bc 1.488 (x0.05), 2 s | 600 journeys: arrived 90.3 %, fell 8 | clutt 83 doorw 81 stair 98 corne 93 mover 100 low 100 mixed 75
ppo 543: reward/step +0.032, pg -0.003 v 1.078 ent 1.254 bc 1.476 (x0.05), 2 s | 600 journeys: arrived 91.7 %, fell 13 | clutt 91 doorw 88 stair 95 corne 97 mover 98 low 97 mixed 78
ppo 544: reward/step +0.028, pg -0.003 v 1.247 ent 1.245 bc 1.477 (x0.05), 2 s | 600 journeys: arrived 91.0 %, fell 14 | clutt 86 doorw 85 stair 97 corne 94 mover 97 low 99 mixed 78
ppo 545: reward/step +0.031, pg -0.003 v 0.903 ent 1.240 bc 1.461 (x0.05), 2 s | 600 journeys: arrived 92.5 %, fell 11 | clutt 87 doorw 84 stair 96 corne 95 mover 99 low 98 mixed 85
ppo 546: reward/step +0.031, pg -0.003 v 0.970 ent 1.235 bc 1.425 (x0.05), 3 s | 600 journeys: arrived 92.5 %, fell 9 | clutt 85 doorw 84 stair 96 corne 96 mover 100 low 98 mixed 83
ppo 547: reward/step +0.031, pg -0.003 v 0.944 ent 1.253 bc 1.453 (x0.05), 2 s | 600 journeys: arrived 92.7 %, fell 7 | clutt 88 doorw 92 stair 95 corne 92 mover 100 low 98 mixed 83
ppo 548: reward/step +0.035, pg -0.003 v 0.876 ent 1.226 bc 1.439 (x0.05), 2 s | 600 journeys: arrived 92.2 %, fell 8 | clutt 88 doorw 86 stair 99 corne 88 mover 100 low 99 mixed 85
ppo 549: reward/step +0.034, pg -0.003 v 0.860 ent 1.232 bc 1.436 (x0.05), 2 s | 600 journeys: arrived 93.0 %, fell 9 | clutt 90 doorw 84 stair 98 corne 93 mover 100 low 100 mixed 87
ppo 550: reward/step +0.038, pg -0.004 v 0.787 ent 1.221 bc 1.416 (x0.05), 3 s | 600 journeys: arrived 92.7 %, fell 7 | clutt 88 doorw 88 stair 96 corne 92 mover 100 low 100 mixed 84
ppo 551: reward/step +0.024, pg -0.002 v 1.059 ent 1.249 bc 1.501 (x0.05), 2 s | 600 journeys: arrived 92.3 %, fell 12 | clutt 83 doorw 87 stair 97 corne 93 mover 100 low 100 mixed 83
ppo 552: reward/step +0.030, pg -0.003 v 0.836 ent 1.242 bc 1.460 (x0.05), 2 s | 600 journeys: arrived 91.5 %, fell 8 | clutt 85 doorw 83 stair 97 corne 94 mover 100 low 100 mixed 80
ppo 553: reward/step +0.026, pg -0.002 v 1.188 ent 1.235 bc 1.464 (x0.05), 2 s | 600 journeys: arrived 91.2 %, fell 13 | clutt 81 doorw 86 stair 97 corne 95 mover 100 low 98 mixed 77
ppo 554: reward/step +0.029, pg -0.003 v 1.009 ent 1.235 bc 1.434 (x0.05), 2 s | 600 journeys: arrived 90.3 %, fell 17 | clutt 85 doorw 80 stair 99 corne 96 mover 98 low 98 mixed 71
ppo 555: reward/step +0.027, pg -0.003 v 1.013 ent 1.249 bc 1.488 (x0.05), 2 s | 600 journeys: arrived 90.5 %, fell 15 | clutt 89 doorw 72 stair 98 corne 95 mover 99 low 98 mixed 78
ppo 556: reward/step +0.029, pg -0.003 v 1.051 ent 1.255 bc 1.466 (x0.05), 2 s | 600 journeys: arrived 91.0 %, fell 15 | clutt 89 doorw 80 stair 96 corne 95 mover 98 low 99 mixed 80
ppo 557: reward/step +0.032, pg -0.003 v 0.911 ent 1.242 bc 1.476 (x0.05), 2 s | 600 journeys: arrived 93.0 %, fell 10 | clutt 93 doorw 84 stair 96 corne 95 mover 97 low 99 mixed 86
ppo 558: reward/step +0.022, pg -0.003 v 0.956 ent 1.255 bc 1.494 (x0.05), 3 s | 600 journeys: arrived 93.0 %, fell 5 | clutt 92 doorw 88 stair 97 corne 97 mover 100 low 97 mixed 79
ppo 559: reward/step +0.025, pg -0.003 v 0.963 ent 1.237 bc 1.462 (x0.05), 2 s | 600 journeys: arrived 90.7 %, fell 7 | clutt 90 doorw 87 stair 96 corne 94 mover 98 low 99 mixed 70
bench at 559: arrived 386/420, fell 12 (holes 0, tipped 12), off 0, timeout 22, failed 0, secs 71.6, bumps 1.78
ppo 560: reward/step +0.029, pg -0.003 v 1.049 ent 1.231 bc 1.454 (x0.05), 2 s | 600 journeys: arrived 88.8 %, fell 12 | clutt 82 doorw 85 stair 92 corne 96 mover 98 low 100 mixed 65
ppo 561: reward/step +0.028, pg -0.003 v 0.995 ent 1.238 bc 1.455 (x0.05), 2 s | 600 journeys: arrived 89.0 %, fell 15 | clutt 80 doorw 88 stair 95 corne 96 mover 100 low 98 mixed 61
ppo 562: reward/step +0.035, pg -0.003 v 0.903 ent 1.250 bc 1.476 (x0.05), 2 s | 600 journeys: arrived 93.0 %, fell 9 | clutt 88 doorw 84 stair 98 corne 98 mover 100 low 98 mixed 80
ppo 563: reward/step +0.029, pg -0.003 v 1.154 ent 1.236 bc 1.432 (x0.05), 2 s | 600 journeys: arrived 93.8 %, fell 10 | clutt 94 doorw 86 stair 97 corne 95 mover 98 low 100 mixed 87
ppo 564: reward/step +0.032, pg -0.003 v 0.918 ent 1.254 bc 1.472 (x0.05), 2 s | 600 journeys: arrived 93.5 %, fell 6 | clutt 90 doorw 94 stair 99 corne 94 mover 98 low 98 mixed 81
ppo 565: reward/step +0.027, pg -0.002 v 1.158 ent 1.242 bc 1.471 (x0.05), 2 s | 600 journeys: arrived 93.0 %, fell 13 | clutt 87 doorw 91 stair 99 corne 97 mover 100 low 94 mixed 79
ppo 566: reward/step +0.028, pg -0.003 v 0.997 ent 1.238 bc 1.438 (x0.05), 2 s | 600 journeys: arrived 91.7 %, fell 15 | clutt 82 doorw 83 stair 98 corne 96 mover 98 low 98 mixed 82
ppo 567: reward/step +0.031, pg -0.003 v 1.029 ent 1.239 bc 1.447 (x0.05), 2 s | 600 journeys: arrived 91.7 %, fell 12 | clutt 84 doorw 89 stair 98 corne 94 mover 98 low 98 mixed 77
ppo 568: reward/step +0.033, pg -0.003 v 0.951 ent 1.255 bc 1.468 (x0.05), 2 s | 600 journeys: arrived 93.8 %, fell 9 | clutt 89 doorw 90 stair 96 corne 94 mover 100 low 97 mixed 90
ppo 569: reward/step +0.035, pg -0.003 v 0.852 ent 1.255 bc 1.459 (x0.05), 2 s | 600 journeys: arrived 94.0 %, fell 10 | clutt 92 doorw 94 stair 98 corne 94 mover 100 low 98 mixed 82
ppo 570: reward/step +0.028, pg -0.003 v 1.120 ent 1.242 bc 1.466 (x0.05), 2 s | 600 journeys: arrived 92.0 %, fell 17 | clutt 87 doorw 87 stair 97 corne 94 mover 100 low 98 mixed 83
ppo 571: reward/step +0.036, pg -0.002 v 0.885 ent 1.244 bc 1.460 (x0.05), 2 s | 600 journeys: arrived 92.0 %, fell 12 | clutt 89 doorw 82 stair 96 corne 91 mover 100 low 98 mixed 91
ppo 572: reward/step +0.032, pg -0.003 v 0.943 ent 1.268 bc 1.463 (x0.05), 3 s | 600 journeys: arrived 91.5 %, fell 7 | clutt 91 doorw 88 stair 95 corne 88 mover 98 low 98 mixed 84
ppo 573: reward/step +0.029, pg -0.003 v 1.032 ent 1.240 bc 1.425 (x0.05), 2 s | 600 journeys: arrived 92.7 %, fell 8 | clutt 90 doorw 88 stair 95 corne 92 mover 100 low 100 mixed 85
ppo 574: reward/step +0.034, pg -0.003 v 0.821 ent 1.233 bc 1.419 (x0.05), 2 s | 600 journeys: arrived 91.7 %, fell 7 | clutt 87 doorw 87 stair 95 corne 95 mover 100 low 100 mixed 78
ppo 575: reward/step +0.025, pg -0.003 v 0.932 ent 1.241 bc 1.441 (x0.05), 2 s | 600 journeys: arrived 91.0 %, fell 6 | clutt 85 doorw 83 stair 96 corne 93 mover 100 low 100 mixed 80
ppo 576: reward/step +0.025, pg -0.003 v 1.029 ent 1.242 bc 1.452 (x0.05), 2 s | 600 journeys: arrived 90.5 %, fell 11 | clutt 78 doorw 80 stair 97 corne 92 mover 100 low 100 mixed 83
ppo 577: reward/step +0.028, pg -0.003 v 0.928 ent 1.225 bc 1.422 (x0.05), 2 s | 600 journeys: arrived 91.2 %, fell 12 | clutt 79 doorw 82 stair 99 corne 95 mover 98 low 100 mixed 81
ppo 578: reward/step +0.033, pg -0.003 v 1.010 ent 1.248 bc 1.442 (x0.05), 2 s | 600 journeys: arrived 92.0 %, fell 10 | clutt 90 doorw 83 stair 95 corne 94 mover 100 low 100 mixed 84
ppo 579: reward/step +0.030, pg -0.002 v 1.134 ent 1.252 bc 1.449 (x0.05), 2 s | 600 journeys: arrived 91.5 %, fell 10 | clutt 83 doorw 84 stair 94 corne 93 mover 100 low 100 mixed 86
bench at 579: arrived 386/420, fell 5 (holes 0, tipped 5), off 0, timeout 28, failed 1, secs 72.6, bumps 1.43
ppo 580: reward/step +0.033, pg -0.003 v 0.791 ent 1.262 bc 1.440 (x0.05), 2 s | 600 journeys: arrived 91.7 %, fell 9 | clutt 85 doorw 88 stair 95 corne 93 mover 100 low 100 mixed 79
ppo 581: reward/step +0.031, pg -0.003 v 0.996 ent 1.255 bc 1.442 (x0.05), 3 s | 600 journeys: arrived 90.8 %, fell 9 | clutt 88 doorw 81 stair 96 corne 92 mover 98 low 100 mixed 80
ppo 582: reward/step +0.033, pg -0.003 v 0.805 ent 1.246 bc 1.429 (x0.05), 2 s | 600 journeys: arrived 91.8 %, fell 6 | clutt 88 doorw 84 stair 95 corne 93 mover 100 low 100 mixed 80
ppo 583: reward/step +0.034, pg -0.003 v 0.922 ent 1.255 bc 1.474 (x0.05), 2 s | 600 journeys: arrived 93.5 %, fell 9 | clutt 91 doorw 83 stair 96 corne 95 mover 100 low 100 mixed 86
ppo 584: reward/step +0.034, pg -0.003 v 0.951 ent 1.245 bc 1.454 (x0.05), 2 s | 600 journeys: arrived 92.5 %, fell 9 | clutt 90 doorw 86 stair 97 corne 94 mover 100 low 98 mixed 83
ppo 585: reward/step +0.030, pg -0.003 v 0.982 ent 1.270 bc 1.473 (x0.05), 3 s | 600 journeys: arrived 93.3 %, fell 11 | clutt 86 doorw 92 stair 97 corne 96 mover 99 low 100 mixed 81
ppo 586: reward/step +0.031, pg -0.003 v 0.928 ent 1.232 bc 1.413 (x0.05), 2 s | 600 journeys: arrived 92.2 %, fell 13 | clutt 88 doorw 90 stair 96 corne 95 mover 97 low 100 mixed 79
ppo 587: reward/step +0.030, pg -0.003 v 0.914 ent 1.249 bc 1.446 (x0.05), 2 s | 600 journeys: arrived 91.8 %, fell 10 | clutt 87 doorw 90 stair 95 corne 93 mover 100 low 100 mixed 78
ppo 588: reward/step +0.031, pg -0.003 v 0.920 ent 1.262 bc 1.468 (x0.05), 2 s | 600 journeys: arrived 93.0 %, fell 6 | clutt 88 doorw 90 stair 95 corne 94 mover 100 low 100 mixed 84
ppo 589: reward/step +0.035, pg -0.003 v 0.868 ent 1.245 bc 1.425 (x0.05), 3 s | 600 journeys: arrived 92.2 %, fell 7 | clutt 84 doorw 90 stair 95 corne 98 mover 98 low 100 mixed 77
ppo 590: reward/step +0.029, pg -0.004 v 0.990 ent 1.249 bc 1.456 (x0.05), 2 s | 600 journeys: arrived 91.0 %, fell 11 | clutt 80 doorw 88 stair 93 corne 96 mover 98 low 100 mixed 76
ppo 591: reward/step +0.032, pg -0.003 v 0.832 ent 1.246 bc 1.437 (x0.05), 2 s | 600 journeys: arrived 93.0 %, fell 8 | clutt 93 doorw 85 stair 96 corne 95 mover 98 low 99 mixed 85
ppo 592: reward/step +0.027, pg -0.003 v 0.969 ent 1.269 bc 1.483 (x0.05), 2 s | 600 journeys: arrived 91.3 %, fell 10 | clutt 89 doorw 82 stair 96 corne 93 mover 100 low 100 mixed 80
ppo 593: reward/step +0.035, pg -0.003 v 0.722 ent 1.235 bc 1.394 (x0.05), 2 s | 600 journeys: arrived 92.5 %, fell 5 | clutt 88 doorw 84 stair 97 corne 95 mover 100 low 99 mixed 83
ppo 594: reward/step +0.034, pg -0.003 v 0.769 ent 1.242 bc 1.436 (x0.05), 2 s | 600 journeys: arrived 93.8 %, fell 6 | clutt 94 doorw 87 stair 97 corne 99 mover 100 low 98 mixed 82
ppo 595: reward/step +0.033, pg -0.003 v 0.801 ent 1.243 bc 1.435 (x0.05), 2 s | 600 journeys: arrived 93.2 %, fell 6 | clutt 87 doorw 83 stair 99 corne 96 mover 100 low 100 mixed 82
ppo 596: reward/step +0.031, pg -0.003 v 0.836 ent 1.249 bc 1.442 (x0.05), 2 s | 600 journeys: arrived 92.0 %, fell 9 | clutt 85 doorw 78 stair 98 corne 96 mover 100 low 100 mixed 81
ppo 597: reward/step +0.031, pg -0.003 v 0.872 ent 1.263 bc 1.475 (x0.05), 3 s | 600 journeys: arrived 91.7 %, fell 6 | clutt 87 doorw 79 stair 99 corne 96 mover 100 low 100 mixed 79
ppo 598: reward/step +0.032, pg -0.003 v 0.901 ent 1.255 bc 1.417 (x0.05), 2 s | 600 journeys: arrived 91.2 %, fell 9 | clutt 93 doorw 81 stair 97 corne 95 mover 100 low 100 mixed 75
ppo 599: reward/step +0.034, pg -0.003 v 0.808 ent 1.252 bc 1.428 (x0.05), 2 s | 600 journeys: arrived 93.0 %, fell 7 | clutt 94 doorw 88 stair 96 corne 95 mover 100 low 100 mixed 80
bench at 599: arrived 381/420, fell 12 (holes 0, tipped 12), off 0, timeout 24, failed 3, secs 71.7, bumps 1.31
