bc it 0 beta 1.00: 65536 samples, loss 0.971, agree 58.3 %, 4 s | driving: 400 journeys: arrived 92.8 %, fell 0 | clutt 98 doorw 98 stair 93 corne 86 mover 86 low 100 mixed 92
bc it 1 beta 0.86: 131072 samples, loss 0.877, agree 63.1 %, 5 s | driving: 400 journeys: arrived 89.0 %, fell 0 | clutt 91 doorw 90 stair 92 corne 87 mover 85 low 97 mixed 83
bc it 2 beta 0.71: 196608 samples, loss 0.816, agree 66.4 %, 6 s | driving: 400 journeys: arrived 87.0 %, fell 0 | clutt 91 doorw 86 stair 95 corne 80 mover 93 low 78 mixed 86
bc it 3 beta 0.57: 262144 samples, loss 0.793, agree 68.1 %, 6 s | driving: 400 journeys: arrived 89.8 %, fell 0 | clutt 91 doorw 90 stair 89 corne 90 mover 94 low 85 mixed 90
bc it 4 beta 0.43: 327680 samples, loss 0.786, agree 68.7 %, 7 s | driving: 400 journeys: arrived 88.0 %, fell 0 | clutt 83 doorw 86 stair 92 corne 84 mover 85 low 100 mixed 88
bc it 5 beta 0.29: 393216 samples, loss 0.785, agree 69.2 %, 8 s | driving: 400 journeys: arrived 81.5 %, fell 0 | clutt 82 doorw 76 stair 78 corne 88 mover 89 low 89 mixed 74
bc it 6 beta 0.14: 458752 samples, loss 0.799, agree 68.9 %, 8 s | driving: 400 journeys: arrived 82.8 %, fell 0 | clutt 88 doorw 80 stair 85 corne 89 mover 84 low 81 mixed 69
bc it 7 beta 0.00: 524288 samples, loss 0.816, agree 68.5 %, 9 s | driving: 400 journeys: arrived 76.5 %, fell 0 | clutt 74 doorw 68 stair 85 corne 86 mover 82 low 75 mixed 50
ppo 0: reward/step +0.006, pg +0.006 v 0.529 ent 0.961 bc 1.294 (x0.50), 2 s | 143 journeys: arrived 95.8 %, fell 0 | clutt 100 doorw 93 stair 100 corne 85 mover 100 low 100 mixed 93
ppo 1: reward/step -0.001, pg -0.010 v 0.653 ent 1.030 bc 1.364 (x0.50), 2 s | 332 journeys: arrived 92.8 %, fell 0 | clutt 88 doorw 93 stair 93 corne 89 mover 96 low 94 mixed 97
ppo 2: reward/step +0.003, pg -0.012 v 0.671 ent 1.072 bc 1.330 (x0.49), 2 s | 539 journeys: arrived 88.7 %, fell 0 | clutt 80 doorw 80 stair 92 corne 91 mover 97 low 93 mixed 78
ppo 3: reward/step +0.007, pg -0.015 v 0.651 ent 1.117 bc 1.348 (x0.49), 2 s | 600 journeys: arrived 84.8 %, fell 0 | clutt 73 doorw 70 stair 91 corne 94 mover 96 low 92 mixed 68
ppo 4: reward/step +0.005, pg -0.015 v 0.682 ent 1.156 bc 1.383 (x0.49), 2 s | 600 journeys: arrived 83.3 %, fell 0 | clutt 75 doorw 62 stair 90 corne 95 mover 100 low 93 mixed 62
ppo 5: reward/step +0.003, pg -0.015 v 0.664 ent 1.171 bc 1.373 (x0.48), 2 s | 600 journeys: arrived 83.3 %, fell 0 | clutt 75 doorw 72 stair 88 corne 90 mover 97 low 92 mixed 63
ppo 6: reward/step +0.005, pg -0.015 v 0.679 ent 1.174 bc 1.353 (x0.48), 2 s | 600 journeys: arrived 83.3 %, fell 0 | clutt 74 doorw 73 stair 87 corne 91 mover 97 low 94 mixed 64
ppo 7: reward/step +0.006, pg -0.016 v 0.645 ent 1.199 bc 1.385 (x0.48), 2 s | 600 journeys: arrived 82.8 %, fell 0 | clutt 70 doorw 74 stair 89 corne 91 mover 96 low 92 mixed 64
ppo 8: reward/step +0.005, pg -0.016 v 0.618 ent 1.194 bc 1.374 (x0.47), 2 s | 600 journeys: arrived 82.2 %, fell 0 | clutt 62 doorw 68 stair 88 corne 96 mover 98 low 93 mixed 67
ppo 9: reward/step +0.009, pg -0.015 v 0.651 ent 1.191 bc 1.356 (x0.47), 2 s | 600 journeys: arrived 82.3 %, fell 0 | clutt 55 doorw 70 stair 92 corne 96 mover 99 low 95 mixed 63
ppo 10: reward/step +0.011, pg -0.013 v 0.694 ent 1.223 bc 1.397 (x0.47), 2 s | 600 journeys: arrived 81.8 %, fell 0 | clutt 53 doorw 68 stair 94 corne 95 mover 100 low 94 mixed 58
ppo 11: reward/step +0.008, pg -0.014 v 0.703 ent 1.229 bc 1.392 (x0.46), 2 s | 600 journeys: arrived 83.3 %, fell 0 | clutt 62 doorw 75 stair 92 corne 91 mover 100 low 94 mixed 66
ppo 12: reward/step +0.006, pg -0.015 v 0.705 ent 1.234 bc 1.385 (x0.46), 2 s | 600 journeys: arrived 82.7 %, fell 0 | clutt 68 doorw 84 stair 90 corne 85 mover 95 low 95 mixed 63
ppo 13: reward/step +0.014, pg -0.015 v 0.681 ent 1.240 bc 1.367 (x0.46), 2 s | 600 journeys: arrived 84.7 %, fell 0 | clutt 78 doorw 80 stair 93 corne 87 mover 95 low 95 mixed 63
ppo 14: reward/step +0.011, pg -0.014 v 0.698 ent 1.259 bc 1.385 (x0.45), 2 s | 600 journeys: arrived 84.8 %, fell 0 | clutt 79 doorw 80 stair 91 corne 89 mover 94 low 97 mixed 62
ppo 15: reward/step +0.008, pg -0.015 v 0.720 ent 1.255 bc 1.393 (x0.45), 2 s | 600 journeys: arrived 85.8 %, fell 0 | clutt 71 doorw 76 stair 94 corne 91 mover 97 low 93 mixed 76
ppo 16: reward/step +0.006, pg -0.014 v 0.769 ent 1.257 bc 1.409 (x0.45), 2 s | 600 journeys: arrived 84.5 %, fell 0 | clutt 66 doorw 74 stair 92 corne 89 mover 100 low 94 mixed 74
ppo 17: reward/step +0.007, pg -0.015 v 0.709 ent 1.249 bc 1.359 (x0.44), 2 s | 600 journeys: arrived 83.3 %, fell 0 | clutt 67 doorw 67 stair 92 corne 90 mover 96 low 95 mixed 72
ppo 18: reward/step +0.009, pg -0.014 v 0.612 ent 1.243 bc 1.341 (x0.44), 2 s | 600 journeys: arrived 83.7 %, fell 0 | clutt 72 doorw 65 stair 92 corne 91 mover 95 low 98 mixed 68
ppo 19: reward/step +0.007, pg -0.014 v 0.670 ent 1.247 bc 1.349 (x0.44), 2 s | 600 journeys: arrived 82.2 %, fell 0 | clutt 71 doorw 58 stair 94 corne 90 mover 95 low 95 mixed 67
bench at 19: arrived 309/420, fell 0, off 0, timeout 109, failed 2, secs 103.3, bumps 2.90
  best so far (update 19)
ppo 20: reward/step +0.008, pg -0.014 v 0.656 ent 1.248 bc 1.365 (x0.43), 2 s | 600 journeys: arrived 82.7 %, fell 0 | clutt 68 doorw 63 stair 93 corne 87 mover 97 low 95 mixed 69
ppo 21: reward/step +0.008, pg -0.014 v 0.655 ent 1.257 bc 1.364 (x0.43), 2 s | 600 journeys: arrived 82.8 %, fell 0 | clutt 66 doorw 61 stair 92 corne 88 mover 99 low 96 mixed 69
ppo 22: reward/step +0.008, pg -0.015 v 0.627 ent 1.273 bc 1.383 (x0.43), 2 s | 600 journeys: arrived 82.2 %, fell 0 | clutt 71 doorw 68 stair 91 corne 88 mover 99 low 95 mixed 65
ppo 23: reward/step +0.013, pg -0.012 v 0.651 ent 1.270 bc 1.389 (x0.42), 2 s | 600 journeys: arrived 85.2 %, fell 0 | clutt 75 doorw 74 stair 91 corne 93 mover 100 low 94 mixed 68
ppo 24: reward/step +0.011, pg -0.013 v 0.656 ent 1.266 bc 1.368 (x0.42), 2 s | 600 journeys: arrived 87.0 %, fell 0 | clutt 78 doorw 78 stair 92 corne 94 mover 98 low 94 mixed 75
ppo 25: reward/step +0.011, pg -0.014 v 0.666 ent 1.292 bc 1.395 (x0.42), 2 s | 600 journeys: arrived 84.5 %, fell 0 | clutt 72 doorw 75 stair 93 corne 92 mover 95 low 97 mixed 67
ppo 26: reward/step +0.011, pg -0.015 v 0.632 ent 1.272 bc 1.373 (x0.41), 2 s | 600 journeys: arrived 86.2 %, fell 0 | clutt 79 doorw 71 stair 94 corne 93 mover 93 low 97 mixed 72
ppo 27: reward/step +0.012, pg -0.014 v 0.565 ent 1.280 bc 1.385 (x0.41), 2 s | 600 journeys: arrived 85.5 %, fell 0 | clutt 74 doorw 67 stair 94 corne 94 mover 95 low 100 mixed 74
ppo 28: reward/step +0.009, pg -0.016 v 0.582 ent 1.258 bc 1.347 (x0.41), 2 s | 600 journeys: arrived 86.2 %, fell 0 | clutt 82 doorw 67 stair 94 corne 93 mover 96 low 100 mixed 74
ppo 29: reward/step +0.012, pg -0.015 v 0.549 ent 1.262 bc 1.343 (x0.40), 2 s | 600 journeys: arrived 84.8 %, fell 0 | clutt 78 doorw 72 stair 94 corne 88 mover 97 low 100 mixed 70
ppo 30: reward/step +0.012, pg -0.014 v 0.553 ent 1.241 bc 1.335 (x0.40), 2 s | 600 journeys: arrived 83.7 %, fell 0 | clutt 73 doorw 66 stair 93 corne 90 mover 96 low 96 mixed 69
ppo 31: reward/step +0.011, pg -0.014 v 0.645 ent 1.253 bc 1.359 (x0.40), 2 s | 600 journeys: arrived 84.2 %, fell 0 | clutt 70 doorw 69 stair 95 corne 93 mover 96 low 95 mixed 66
ppo 32: reward/step +0.018, pg -0.014 v 0.651 ent 1.274 bc 1.344 (x0.39), 2 s | 600 journeys: arrived 86.7 %, fell 0 | clutt 88 doorw 73 stair 94 corne 94 mover 98 low 97 mixed 65
ppo 33: reward/step +0.010, pg -0.014 v 0.675 ent 1.261 bc 1.358 (x0.39), 3 s | 600 journeys: arrived 85.5 %, fell 0 | clutt 91 doorw 70 stair 90 corne 90 mover 98 low 100 mixed 68
ppo 34: reward/step +0.015, pg -0.015 v 0.559 ent 1.262 bc 1.355 (x0.39), 2 s | 600 journeys: arrived 85.7 %, fell 0 | clutt 86 doorw 72 stair 90 corne 90 mover 98 low 100 mixed 69
ppo 35: reward/step +0.014, pg -0.015 v 0.576 ent 1.251 bc 1.335 (x0.38), 2 s | 600 journeys: arrived 87.0 %, fell 0 | clutt 84 doorw 71 stair 93 corne 94 mover 98 low 98 mixed 74
ppo 36: reward/step +0.014, pg -0.013 v 0.617 ent 1.281 bc 1.375 (x0.38), 2 s | 600 journeys: arrived 85.2 %, fell 0 | clutt 78 doorw 68 stair 90 corne 91 mover 100 low 98 mixed 73
ppo 37: reward/step +0.011, pg -0.015 v 0.669 ent 1.282 bc 1.382 (x0.38), 2 s | 600 journeys: arrived 84.2 %, fell 0 | clutt 80 doorw 65 stair 91 corne 90 mover 100 low 98 mixed 68
ppo 38: reward/step +0.009, pg -0.013 v 0.640 ent 1.283 bc 1.388 (x0.37), 2 s | 600 journeys: arrived 85.2 %, fell 0 | clutt 81 doorw 68 stair 91 corne 89 mover 100 low 98 mixed 67
ppo 39: reward/step +0.009, pg -0.014 v 0.592 ent 1.279 bc 1.371 (x0.37), 2 s | 600 journeys: arrived 85.2 %, fell 0 | clutt 75 doorw 71 stair 93 corne 91 mover 100 low 98 mixed 66
bench at 39: arrived 332/420, fell 0, off 0, timeout 86, failed 2, secs 103.5, bumps 2.40
  best so far (update 39)
ppo 40: reward/step +0.015, pg -0.017 v 0.561 ent 1.284 bc 1.370 (x0.37), 2 s | 600 journeys: arrived 85.3 %, fell 0 | clutt 73 doorw 71 stair 91 corne 94 mover 100 low 98 mixed 69
ppo 41: reward/step +0.011, pg -0.015 v 0.573 ent 1.282 bc 1.355 (x0.36), 2 s | 600 journeys: arrived 86.0 %, fell 0 | clutt 77 doorw 76 stair 90 corne 93 mover 98 low 100 mixed 66
ppo 42: reward/step +0.013, pg -0.015 v 0.587 ent 1.295 bc 1.374 (x0.36), 2 s | 600 journeys: arrived 85.5 %, fell 0 | clutt 75 doorw 73 stair 91 corne 94 mover 98 low 98 mixed 68
ppo 43: reward/step +0.014, pg -0.015 v 0.673 ent 1.292 bc 1.361 (x0.36), 2 s | 600 journeys: arrived 85.2 %, fell 0 | clutt 75 doorw 73 stair 94 corne 93 mover 100 low 98 mixed 63
ppo 44: reward/step +0.016, pg -0.015 v 0.609 ent 1.289 bc 1.346 (x0.35), 2 s | 600 journeys: arrived 86.0 %, fell 0 | clutt 71 doorw 76 stair 95 corne 90 mover 98 low 95 mixed 69
ppo 45: reward/step +0.013, pg -0.014 v 0.603 ent 1.289 bc 1.361 (x0.35), 2 s | 600 journeys: arrived 87.2 %, fell 0 | clutt 75 doorw 82 stair 93 corne 87 mover 98 low 95 mixed 78
ppo 46: reward/step +0.015, pg -0.016 v 0.598 ent 1.295 bc 1.370 (x0.35), 2 s | 600 journeys: arrived 87.5 %, fell 0 | clutt 75 doorw 76 stair 92 corne 91 mover 98 low 100 mixed 79
ppo 47: reward/step +0.011, pg -0.014 v 0.644 ent 1.264 bc 1.344 (x0.34), 2 s | 600 journeys: arrived 86.5 %, fell 0 | clutt 77 doorw 76 stair 91 corne 91 mover 98 low 100 mixed 73
ppo 48: reward/step +0.013, pg -0.015 v 0.628 ent 1.266 bc 1.342 (x0.34), 2 s | 600 journeys: arrived 85.0 %, fell 0 | clutt 79 doorw 71 stair 91 corne 93 mover 96 low 95 mixed 66
ppo 49: reward/step +0.014, pg -0.016 v 0.629 ent 1.281 bc 1.355 (x0.34), 2 s | 600 journeys: arrived 84.3 %, fell 0 | clutt 78 doorw 63 stair 94 corne 93 mover 99 low 94 mixed 68
ppo 50: reward/step +0.015, pg -0.015 v 0.599 ent 1.286 bc 1.374 (x0.33), 2 s | 600 journeys: arrived 85.3 %, fell 0 | clutt 81 doorw 64 stair 91 corne 92 mover 99 low 97 mixed 72
ppo 51: reward/step +0.012, pg -0.015 v 0.610 ent 1.300 bc 1.408 (x0.33), 2 s | 600 journeys: arrived 85.7 %, fell 0 | clutt 78 doorw 71 stair 89 corne 90 mover 99 low 98 mixed 74
ppo 52: reward/step +0.014, pg -0.013 v 0.581 ent 1.278 bc 1.362 (x0.33), 2 s | 600 journeys: arrived 84.3 %, fell 0 | clutt 73 doorw 76 stair 90 corne 88 mover 97 low 98 mixed 68
ppo 53: reward/step +0.019, pg -0.012 v 0.600 ent 1.286 bc 1.352 (x0.32), 2 s | 600 journeys: arrived 85.3 %, fell 0 | clutt 81 doorw 75 stair 95 corne 90 mover 96 low 98 mixed 59
ppo 54: reward/step +0.013, pg -0.015 v 0.590 ent 1.300 bc 1.389 (x0.32), 2 s | 600 journeys: arrived 85.3 %, fell 0 | clutt 76 doorw 76 stair 96 corne 92 mover 97 low 94 mixed 62
ppo 55: reward/step +0.012, pg -0.015 v 0.633 ent 1.317 bc 1.409 (x0.32), 2 s | 600 journeys: arrived 86.3 %, fell 0 | clutt 77 doorw 82 stair 94 corne 93 mover 98 low 94 mixed 66
ppo 56: reward/step +0.013, pg -0.015 v 0.569 ent 1.299 bc 1.386 (x0.31), 2 s | 600 journeys: arrived 87.8 %, fell 0 | clutt 80 doorw 80 stair 96 corne 89 mover 98 low 100 mixed 72
ppo 57: reward/step +0.013, pg -0.016 v 0.525 ent 1.268 bc 1.327 (x0.31), 2 s | 600 journeys: arrived 85.7 %, fell 0 | clutt 80 doorw 72 stair 93 corne 88 mover 98 low 100 mixed 74
ppo 58: reward/step +0.014, pg -0.016 v 0.620 ent 1.283 bc 1.364 (x0.31), 2 s | 600 journeys: arrived 83.5 %, fell 0 | clutt 73 doorw 64 stair 93 corne 92 mover 100 low 98 mixed 64
ppo 59: reward/step +0.017, pg -0.015 v 0.589 ent 1.297 bc 1.367 (x0.30), 2 s | 600 journeys: arrived 85.7 %, fell 0 | clutt 82 doorw 68 stair 93 corne 94 mover 98 low 98 mixed 64
bench at 59: arrived 334/420, fell 0, off 0, timeout 80, failed 6, secs 92.3, bumps 2.26
  best so far (update 59)
ppo 60: reward/step +0.016, pg -0.016 v 0.575 ent 1.308 bc 1.386 (x0.30), 2 s | 600 journeys: arrived 87.3 %, fell 0 | clutt 83 doorw 72 stair 94 corne 94 mover 98 low 100 mixed 68
ppo 61: reward/step +0.015, pg -0.015 v 0.659 ent 1.302 bc 1.388 (x0.30), 2 s | 600 journeys: arrived 88.8 %, fell 0 | clutt 85 doorw 80 stair 97 corne 94 mover 100 low 100 mixed 69
ppo 62: reward/step +0.016, pg -0.014 v 0.638 ent 1.302 bc 1.378 (x0.29), 2 s | 600 journeys: arrived 85.5 %, fell 0 | clutt 84 doorw 80 stair 94 corne 87 mover 100 low 100 mixed 61
ppo 63: reward/step +0.016, pg -0.015 v 0.592 ent 1.298 bc 1.370 (x0.29), 2 s | 600 journeys: arrived 87.0 %, fell 0 | clutt 84 doorw 81 stair 96 corne 88 mover 100 low 100 mixed 67
ppo 64: reward/step +0.012, pg -0.015 v 0.682 ent 1.308 bc 1.399 (x0.29), 2 s | 600 journeys: arrived 89.3 %, fell 0 | clutt 84 doorw 82 stair 94 corne 92 mover 100 low 100 mixed 73
ppo 65: reward/step +0.011, pg -0.014 v 0.679 ent 1.305 bc 1.381 (x0.28), 2 s | 600 journeys: arrived 86.8 %, fell 0 | clutt 83 doorw 77 stair 92 corne 89 mover 98 low 98 mixed 73
ppo 66: reward/step +0.012, pg -0.015 v 0.644 ent 1.301 bc 1.368 (x0.28), 2 s | 600 journeys: arrived 85.5 %, fell 0 | clutt 79 doorw 71 stair 92 corne 91 mover 98 low 96 mixed 71
ppo 67: reward/step +0.015, pg -0.017 v 0.584 ent 1.291 bc 1.366 (x0.28), 2 s | 600 journeys: arrived 84.8 %, fell 0 | clutt 74 doorw 67 stair 92 corne 91 mover 98 low 98 mixed 69
ppo 68: reward/step +0.016, pg -0.014 v 0.548 ent 1.301 bc 1.387 (x0.27), 3 s | 600 journeys: arrived 86.8 %, fell 0 | clutt 81 doorw 75 stair 93 corne 90 mover 98 low 98 mixed 72
ppo 69: reward/step +0.010, pg -0.014 v 0.608 ent 1.280 bc 1.360 (x0.27), 2 s | 600 journeys: arrived 87.2 %, fell 0 | clutt 84 doorw 75 stair 94 corne 93 mover 97 low 100 mixed 65
ppo 70: reward/step +0.015, pg -0.015 v 0.623 ent 1.296 bc 1.386 (x0.27), 2 s | 600 journeys: arrived 85.8 %, fell 0 | clutt 81 doorw 73 stair 89 corne 94 mover 98 low 100 mixed 69
ppo 71: reward/step +0.010, pg -0.014 v 0.625 ent 1.306 bc 1.393 (x0.26), 2 s | 600 journeys: arrived 85.7 %, fell 0 | clutt 82 doorw 74 stair 89 corne 95 mover 98 low 98 mixed 69
ppo 72: reward/step +0.008, pg -0.013 v 0.658 ent 1.293 bc 1.385 (x0.26), 2 s | 600 journeys: arrived 85.8 %, fell 0 | clutt 83 doorw 73 stair 92 corne 95 mover 100 low 94 mixed 67
ppo 73: reward/step +0.013, pg -0.015 v 0.569 ent 1.294 bc 1.383 (x0.26), 2 s | 600 journeys: arrived 84.7 %, fell 0 | clutt 79 doorw 71 stair 93 corne 93 mover 100 low 96 mixed 65
ppo 74: reward/step +0.014, pg -0.016 v 0.605 ent 1.286 bc 1.347 (x0.25), 2 s | 600 journeys: arrived 83.2 %, fell 0 | clutt 79 doorw 67 stair 91 corne 92 mover 100 low 100 mixed 62
ppo 75: reward/step +0.016, pg -0.016 v 0.655 ent 1.286 bc 1.351 (x0.25), 2 s | 600 journeys: arrived 83.2 %, fell 0 | clutt 78 doorw 70 stair 90 corne 89 mover 98 low 100 mixed 62
ppo 76: reward/step +0.019, pg -0.015 v 0.610 ent 1.306 bc 1.391 (x0.25), 2 s | 600 journeys: arrived 87.5 %, fell 0 | clutt 83 doorw 79 stair 92 corne 92 mover 96 low 97 mixed 67
ppo 77: reward/step +0.016, pg -0.015 v 0.591 ent 1.302 bc 1.386 (x0.24), 2 s | 600 journeys: arrived 88.8 %, fell 0 | clutt 85 doorw 78 stair 93 corne 93 mover 99 low 96 mixed 72
ppo 78: reward/step +0.018, pg -0.015 v 0.541 ent 1.302 bc 1.388 (x0.24), 2 s | 600 journeys: arrived 88.7 %, fell 0 | clutt 83 doorw 76 stair 95 corne 92 mover 100 low 96 mixed 78
ppo 79: reward/step +0.019, pg -0.015 v 0.592 ent 1.306 bc 1.408 (x0.24), 2 s | 600 journeys: arrived 87.7 %, fell 0 | clutt 77 doorw 79 stair 93 corne 90 mover 100 low 98 mixed 80
bench at 79: arrived 344/420, fell 0, off 0, timeout 72, failed 4, secs 89.1, bumps 1.56
  best so far (update 79)
ppo 80: reward/step +0.014, pg -0.014 v 0.588 ent 1.313 bc 1.376 (x0.23), 3 s | 600 journeys: arrived 87.5 %, fell 0 | clutt 82 doorw 82 stair 91 corne 90 mover 100 low 97 mixed 77
ppo 81: reward/step +0.013, pg -0.016 v 0.656 ent 1.311 bc 1.399 (x0.23), 3 s | 600 journeys: arrived 85.8 %, fell 0 | clutt 83 doorw 79 stair 87 corne 91 mover 100 low 98 mixed 71
ppo 82: reward/step +0.016, pg -0.016 v 0.614 ent 1.294 bc 1.374 (x0.23), 3 s | 600 journeys: arrived 85.5 %, fell 0 | clutt 78 doorw 80 stair 87 corne 94 mover 100 low 98 mixed 68
ppo 83: reward/step +0.018, pg -0.012 v 0.612 ent 1.298 bc 1.370 (x0.22), 2 s | 600 journeys: arrived 87.5 %, fell 0 | clutt 84 doorw 84 stair 91 corne 94 mover 100 low 98 mixed 67
ppo 84: reward/step +0.018, pg -0.014 v 0.598 ent 1.320 bc 1.411 (x0.22), 2 s | 600 journeys: arrived 87.2 %, fell 0 | clutt 86 doorw 77 stair 95 corne 90 mover 100 low 100 mixed 67
ppo 85: reward/step +0.018, pg -0.015 v 0.596 ent 1.309 bc 1.373 (x0.22), 2 s | 600 journeys: arrived 87.0 %, fell 0 | clutt 77 doorw 75 stair 96 corne 87 mover 100 low 100 mixed 73
ppo 86: reward/step +0.017, pg -0.016 v 0.601 ent 1.303 bc 1.395 (x0.21), 2 s | 600 journeys: arrived 86.2 %, fell 0 | clutt 77 doorw 76 stair 94 corne 86 mover 100 low 98 mixed 71
ppo 87: reward/step +0.016, pg -0.016 v 0.622 ent 1.296 bc 1.392 (x0.21), 2 s | 600 journeys: arrived 85.7 %, fell 0 | clutt 81 doorw 80 stair 91 corne 89 mover 96 low 97 mixed 65
ppo 88: reward/step +0.018, pg -0.016 v 0.542 ent 1.308 bc 1.390 (x0.21), 2 s | 600 journeys: arrived 85.8 %, fell 0 | clutt 82 doorw 75 stair 93 corne 92 mover 96 low 98 mixed 67
ppo 89: reward/step +0.017, pg -0.014 v 0.556 ent 1.300 bc 1.403 (x0.20), 2 s | 600 journeys: arrived 88.0 %, fell 0 | clutt 83 doorw 77 stair 93 corne 92 mover 100 low 100 mixed 77
ppo 90: reward/step +0.014, pg -0.016 v 0.562 ent 1.291 bc 1.397 (x0.20), 2 s | 600 journeys: arrived 86.7 %, fell 0 | clutt 84 doorw 76 stair 94 corne 93 mover 100 low 100 mixed 66
ppo 91: reward/step +0.017, pg -0.014 v 0.558 ent 1.285 bc 1.376 (x0.20), 2 s | 600 journeys: arrived 87.3 %, fell 0 | clutt 90 doorw 79 stair 91 corne 93 mover 100 low 100 mixed 68
ppo 92: reward/step +0.023, pg -0.015 v 0.618 ent 1.301 bc 1.404 (x0.19), 2 s | 600 journeys: arrived 86.8 %, fell 0 | clutt 87 doorw 77 stair 94 corne 91 mover 98 low 100 mixed 68
ppo 93: reward/step +0.014, pg -0.013 v 0.617 ent 1.303 bc 1.387 (x0.19), 2 s | 600 journeys: arrived 88.2 %, fell 0 | clutt 85 doorw 78 stair 94 corne 92 mover 98 low 100 mixed 69
ppo 94: reward/step +0.018, pg -0.015 v 0.615 ent 1.301 bc 1.374 (x0.19), 2 s | 600 journeys: arrived 89.2 %, fell 0 | clutt 83 doorw 77 stair 97 corne 95 mover 98 low 98 mixed 77
ppo 95: reward/step +0.019, pg -0.016 v 0.548 ent 1.294 bc 1.383 (x0.18), 2 s | 600 journeys: arrived 88.0 %, fell 0 | clutt 84 doorw 72 stair 93 corne 95 mover 100 low 98 mixed 79
ppo 96: reward/step +0.016, pg -0.015 v 0.615 ent 1.329 bc 1.440 (x0.18), 2 s | 600 journeys: arrived 88.0 %, fell 0 | clutt 86 doorw 73 stair 94 corne 94 mover 98 low 97 mixed 76
ppo 97: reward/step +0.019, pg -0.017 v 0.569 ent 1.317 bc 1.395 (x0.18), 2 s | 600 journeys: arrived 87.8 %, fell 0 | clutt 87 doorw 74 stair 96 corne 90 mover 98 low 98 mixed 76
ppo 98: reward/step +0.018, pg -0.015 v 0.602 ent 1.311 bc 1.398 (x0.17), 2 s | 600 journeys: arrived 87.3 %, fell 0 | clutt 83 doorw 80 stair 95 corne 89 mover 100 low 100 mixed 72
ppo 99: reward/step +0.018, pg -0.016 v 0.556 ent 1.299 bc 1.404 (x0.17), 2 s | 600 journeys: arrived 89.0 %, fell 0 | clutt 82 doorw 84 stair 95 corne 91 mover 100 low 98 mixed 73
bench at 99: arrived 343/420, fell 0, off 0, timeout 72, failed 5, secs 85.5, bumps 1.46
ppo 100: reward/step +0.018, pg -0.015 v 0.518 ent 1.282 bc 1.374 (x0.17), 2 s | 600 journeys: arrived 88.2 %, fell 0 | clutt 82 doorw 81 stair 92 corne 93 mover 100 low 98 mixed 73
ppo 101: reward/step +0.020, pg -0.015 v 0.510 ent 1.291 bc 1.376 (x0.16), 2 s | 600 journeys: arrived 86.5 %, fell 0 | clutt 73 doorw 75 stair 92 corne 92 mover 100 low 98 mixed 71
ppo 102: reward/step +0.019, pg -0.015 v 0.513 ent 1.290 bc 1.378 (x0.16), 2 s | 600 journeys: arrived 87.2 %, fell 0 | clutt 77 doorw 78 stair 92 corne 93 mover 100 low 98 mixed 72
ppo 103: reward/step +0.018, pg -0.016 v 0.575 ent 1.302 bc 1.391 (x0.16), 2 s | 600 journeys: arrived 88.7 %, fell 0 | clutt 87 doorw 81 stair 94 corne 94 mover 98 low 98 mixed 70
ppo 104: reward/step +0.020, pg -0.015 v 0.574 ent 1.297 bc 1.398 (x0.15), 2 s | 600 journeys: arrived 87.3 %, fell 0 | clutt 83 doorw 79 stair 97 corne 91 mover 98 low 98 mixed 65
ppo 105: reward/step +0.020, pg -0.016 v 0.565 ent 1.307 bc 1.435 (x0.15), 2 s | 600 journeys: arrived 88.8 %, fell 0 | clutt 90 doorw 77 stair 96 corne 92 mover 100 low 100 mixed 68
ppo 106: reward/step +0.018, pg -0.015 v 0.644 ent 1.348 bc 1.456 (x0.15), 2 s | 600 journeys: arrived 90.2 %, fell 0 | clutt 92 doorw 83 stair 95 corne 93 mover 100 low 100 mixed 73
ppo 107: reward/step +0.016, pg -0.014 v 0.619 ent 1.318 bc 1.437 (x0.14), 2 s | 600 journeys: arrived 89.8 %, fell 0 | clutt 88 doorw 82 stair 97 corne 93 mover 100 low 98 mixed 72
ppo 108: reward/step +0.016, pg -0.016 v 0.607 ent 1.323 bc 1.448 (x0.14), 2 s | 600 journeys: arrived 86.8 %, fell 0 | clutt 82 doorw 78 stair 95 corne 91 mover 98 low 98 mixed 62
ppo 109: reward/step +0.022, pg -0.015 v 0.557 ent 1.334 bc 1.434 (x0.14), 2 s | 600 journeys: arrived 86.2 %, fell 0 | clutt 83 doorw 80 stair 92 corne 89 mover 98 low 98 mixed 65
ppo 110: reward/step +0.022, pg -0.015 v 0.544 ent 1.316 bc 1.424 (x0.13), 2 s | 600 journeys: arrived 87.8 %, fell 0 | clutt 89 doorw 80 stair 91 corne 92 mover 98 low 97 mixed 71
ppo 111: reward/step +0.024, pg -0.016 v 0.569 ent 1.298 bc 1.405 (x0.13), 2 s | 600 journeys: arrived 88.3 %, fell 0 | clutt 84 doorw 81 stair 94 corne 90 mover 98 low 98 mixed 73
ppo 112: reward/step +0.022, pg -0.015 v 0.567 ent 1.306 bc 1.432 (x0.13), 2 s | 600 journeys: arrived 89.0 %, fell 0 | clutt 86 doorw 82 stair 93 corne 91 mover 100 low 98 mixed 78
ppo 113: reward/step +0.021, pg -0.016 v 0.519 ent 1.303 bc 1.427 (x0.12), 2 s | 600 journeys: arrived 90.0 %, fell 0 | clutt 88 doorw 82 stair 94 corne 96 mover 100 low 96 mixed 80
ppo 114: reward/step +0.018, pg -0.016 v 0.463 ent 1.298 bc 1.431 (x0.12), 2 s | 600 journeys: arrived 89.3 %, fell 0 | clutt 84 doorw 79 stair 96 corne 94 mover 100 low 92 mixed 80
ppo 115: reward/step +0.020, pg -0.016 v 0.509 ent 1.291 bc 1.437 (x0.12), 2 s | 600 journeys: arrived 87.3 %, fell 0 | clutt 79 doorw 76 stair 95 corne 94 mover 100 low 96 mixed 73
ppo 116: reward/step +0.021, pg -0.016 v 0.537 ent 1.298 bc 1.449 (x0.11), 2 s | 600 journeys: arrived 87.0 %, fell 0 | clutt 83 doorw 75 stair 91 corne 94 mover 100 low 100 mixed 67
ppo 117: reward/step +0.021, pg -0.015 v 0.603 ent 1.304 bc 1.453 (x0.11), 2 s | 600 journeys: arrived 86.8 %, fell 0 | clutt 85 doorw 80 stair 91 corne 92 mover 100 low 98 mixed 64
ppo 118: reward/step +0.024, pg -0.016 v 0.543 ent 1.293 bc 1.419 (x0.11), 2 s | 600 journeys: arrived 89.8 %, fell 0 | clutt 88 doorw 87 stair 92 corne 95 mover 100 low 98 mixed 70
ppo 119: reward/step +0.021, pg -0.015 v 0.545 ent 1.308 bc 1.463 (x0.10), 2 s | 600 journeys: arrived 89.0 %, fell 0 | clutt 88 doorw 84 stair 90 corne 90 mover 98 low 100 mixed 76
bench at 119: arrived 359/420, fell 0, off 0, timeout 56, failed 5, secs 75.0, bumps 1.65
  best so far (update 119)
ppo 120: reward/step +0.020, pg -0.015 v 0.591 ent 1.306 bc 1.498 (x0.10), 2 s | 600 journeys: arrived 88.5 %, fell 0 | clutt 84 doorw 78 stair 92 corne 88 mover 99 low 98 mixed 82
ppo 121: reward/step +0.020, pg -0.015 v 0.630 ent 1.312 bc 1.467 (x0.10), 2 s | 600 journeys: arrived 88.5 %, fell 0 | clutt 78 doorw 80 stair 93 corne 88 mover 100 low 98 mixed 84
ppo 122: reward/step +0.017, pg -0.014 v 0.653 ent 1.282 bc 1.450 (x0.09), 2 s | 600 journeys: arrived 89.0 %, fell 0 | clutt 77 doorw 83 stair 93 corne 92 mover 98 low 100 mixed 82
ppo 123: reward/step +0.020, pg -0.015 v 0.593 ent 1.286 bc 1.435 (x0.09), 2 s | 600 journeys: arrived 88.2 %, fell 0 | clutt 80 doorw 81 stair 94 corne 93 mover 98 low 97 mixed 74
ppo 124: reward/step +0.026, pg -0.015 v 0.570 ent 1.288 bc 1.440 (x0.09), 2 s | 600 journeys: arrived 88.7 %, fell 0 | clutt 84 doorw 82 stair 98 corne 93 mover 100 low 93 mixed 67
ppo 125: reward/step +0.024, pg -0.015 v 0.588 ent 1.299 bc 1.475 (x0.08), 2 s | 600 journeys: arrived 88.8 %, fell 0 | clutt 82 doorw 84 stair 98 corne 91 mover 100 low 97 mixed 69
ppo 126: reward/step +0.024, pg -0.015 v 0.517 ent 1.268 bc 1.439 (x0.08), 2 s | 600 journeys: arrived 90.0 %, fell 0 | clutt 85 doorw 81 stair 97 corne 91 mover 100 low 100 mixed 75
ppo 127: reward/step +0.022, pg -0.015 v 0.527 ent 1.291 bc 1.460 (x0.08), 2 s | 600 journeys: arrived 89.5 %, fell 0 | clutt 81 doorw 80 stair 96 corne 91 mover 100 low 100 mixed 77
ppo 128: reward/step +0.025, pg -0.014 v 0.527 ent 1.299 bc 1.462 (x0.07), 2 s | 600 journeys: arrived 88.7 %, fell 0 | clutt 79 doorw 85 stair 93 corne 91 mover 100 low 100 mixed 75
ppo 129: reward/step +0.025, pg -0.015 v 0.562 ent 1.302 bc 1.477 (x0.07), 2 s | 600 journeys: arrived 88.3 %, fell 0 | clutt 88 doorw 86 stair 93 corne 88 mover 100 low 98 mixed 72
ppo 130: reward/step +0.027, pg -0.015 v 0.558 ent 1.280 bc 1.436 (x0.07), 2 s | 600 journeys: arrived 89.7 %, fell 0 | clutt 91 doorw 83 stair 93 corne 89 mover 100 low 98 mixed 79
ppo 131: reward/step +0.029, pg -0.015 v 0.570 ent 1.309 bc 1.491 (x0.06), 2 s | 600 journeys: arrived 92.0 %, fell 0 | clutt 90 doorw 86 stair 94 corne 94 mover 100 low 100 mixed 83
ppo 132: reward/step +0.026, pg -0.015 v 0.557 ent 1.285 bc 1.467 (x0.06), 2 s | 600 journeys: arrived 90.8 %, fell 0 | clutt 95 doorw 85 stair 93 corne 91 mover 100 low 99 mixed 77
ppo 133: reward/step +0.028, pg -0.015 v 0.532 ent 1.272 bc 1.448 (x0.06), 2 s | 600 journeys: arrived 91.3 %, fell 0 | clutt 97 doorw 84 stair 95 corne 91 mover 100 low 98 mixed 75
ppo 134: reward/step +0.028, pg -0.015 v 0.543 ent 1.295 bc 1.477 (x0.05), 2 s | 600 journeys: arrived 90.7 %, fell 0 | clutt 88 doorw 80 stair 95 corne 97 mover 100 low 98 mixed 73
ppo 135: reward/step +0.027, pg -0.015 v 0.551 ent 1.275 bc 1.484 (x0.05), 2 s | 600 journeys: arrived 90.0 %, fell 0 | clutt 90 doorw 78 stair 94 corne 95 mover 100 low 98 mixed 77
ppo 136: reward/step +0.025, pg -0.014 v 0.546 ent 1.298 bc 1.508 (x0.05), 2 s | 600 journeys: arrived 90.8 %, fell 0 | clutt 84 doorw 80 stair 94 corne 96 mover 100 low 98 mixed 83
ppo 137: reward/step +0.025, pg -0.015 v 0.557 ent 1.283 bc 1.503 (x0.04), 2 s | 600 journeys: arrived 87.8 %, fell 0 | clutt 79 doorw 74 stair 92 corne 93 mover 100 low 97 mixed 80
ppo 138: reward/step +0.023, pg -0.015 v 0.639 ent 1.288 bc 1.522 (x0.04), 2 s | 600 journeys: arrived 88.8 %, fell 0 | clutt 89 doorw 74 stair 94 corne 91 mover 100 low 98 mixed 79
ppo 139: reward/step +0.026, pg -0.015 v 0.524 ent 1.268 bc 1.513 (x0.04), 2 s | 600 journeys: arrived 90.2 %, fell 0 | clutt 90 doorw 85 stair 98 corne 90 mover 100 low 95 mixed 76
bench at 139: arrived 377/420, fell 0, off 0, timeout 39, failed 4, secs 72.1, bumps 1.49
  best so far (update 139)
ppo 140: reward/step +0.023, pg -0.014 v 0.573 ent 1.264 bc 1.497 (x0.03), 2 s | 600 journeys: arrived 90.5 %, fell 0 | clutt 87 doorw 84 stair 98 corne 93 mover 100 low 96 mixed 75
ppo 141: reward/step +0.022, pg -0.014 v 0.499 ent 1.261 bc 1.539 (x0.03), 2 s | 600 journeys: arrived 90.3 %, fell 0 | clutt 81 doorw 78 stair 99 corne 97 mover 100 low 97 mixed 76
ppo 142: reward/step +0.027, pg -0.015 v 0.527 ent 1.267 bc 1.568 (x0.03), 2 s | 600 journeys: arrived 89.8 %, fell 0 | clutt 84 doorw 80 stair 99 corne 98 mover 100 low 98 mixed 69
ppo 143: reward/step +0.030, pg -0.016 v 0.515 ent 1.267 bc 1.562 (x0.02), 2 s | 600 journeys: arrived 91.5 %, fell 0 | clutt 96 doorw 85 stair 97 corne 98 mover 100 low 98 mixed 67
ppo 144: reward/step +0.026, pg -0.015 v 0.558 ent 1.253 bc 1.574 (x0.02), 2 s | 600 journeys: arrived 92.7 %, fell 0 | clutt 90 doorw 90 stair 94 corne 96 mover 100 low 100 mixed 79
ppo 145: reward/step +0.027, pg -0.015 v 0.583 ent 1.251 bc 1.568 (x0.02), 2 s | 600 journeys: arrived 90.2 %, fell 0 | clutt 85 doorw 82 stair 94 corne 92 mover 100 low 100 mixed 82
ppo 146: reward/step +0.031, pg -0.014 v 0.564 ent 1.243 bc 1.545 (x0.01), 2 s | 600 journeys: arrived 90.5 %, fell 0 | clutt 90 doorw 80 stair 93 corne 92 mover 100 low 100 mixed 84
ppo 147: reward/step +0.030, pg -0.015 v 0.519 ent 1.249 bc 1.583 (x0.01), 2 s | 600 journeys: arrived 91.8 %, fell 0 | clutt 89 doorw 83 stair 95 corne 94 mover 100 low 100 mixed 82
ppo 148: reward/step +0.036, pg -0.014 v 0.455 ent 1.249 bc 1.588 (x0.01), 2 s | 600 journeys: arrived 92.5 %, fell 0 | clutt 87 doorw 90 stair 97 corne 96 mover 100 low 98 mixed 79
ppo 149: reward/step +0.030, pg -0.014 v 0.565 ent 1.243 bc 1.621 (x0.00), 2 s | 600 journeys: arrived 91.3 %, fell 0 | clutt 94 doorw 82 stair 97 corne 90 mover 100 low 100 mixed 79
ppo 150: reward/step +0.030, pg -0.014 v 0.540 ent 1.252 bc 1.651 (x0.00), 2 s | 600 journeys: arrived 91.3 %, fell 0 | clutt 93 doorw 85 stair 98 corne 92 mover 100 low 100 mixed 74
ppo 151: reward/step +0.034, pg -0.014 v 0.557 ent 1.237 bc 1.643 (x0.00), 2 s | 600 journeys: arrived 91.3 %, fell 0 | clutt 91 doorw 86 stair 97 corne 95 mover 100 low 98 mixed 75
ppo 152: reward/step +0.031, pg -0.015 v 0.624 ent 1.256 bc 1.676 (x0.00), 2 s | 600 journeys: arrived 93.2 %, fell 0 | clutt 93 doorw 88 stair 97 corne 94 mover 100 low 98 mixed 84
ppo 153: reward/step +0.031, pg -0.014 v 0.671 ent 1.251 bc 1.699 (x0.00), 2 s | 600 journeys: arrived 92.7 %, fell 0 | clutt 91 doorw 84 stair 95 corne 95 mover 100 low 98 mixed 85
ppo 154: reward/step +0.033, pg -0.014 v 0.674 ent 1.237 bc 1.687 (x0.00), 2 s | 600 journeys: arrived 92.0 %, fell 0 | clutt 88 doorw 80 stair 95 corne 95 mover 100 low 97 mixed 87
ppo 155: reward/step +0.032, pg -0.015 v 0.642 ent 1.233 bc 1.696 (x0.00), 3 s | 600 journeys: arrived 92.5 %, fell 0 | clutt 87 doorw 88 stair 94 corne 93 mover 100 low 98 mixed 86
ppo 156: reward/step +0.031, pg -0.014 v 0.636 ent 1.211 bc 1.694 (x0.00), 2 s | 600 journeys: arrived 92.2 %, fell 0 | clutt 93 doorw 86 stair 96 corne 93 mover 100 low 96 mixed 83
ppo 157: reward/step +0.027, pg -0.015 v 0.613 ent 1.229 bc 1.721 (x0.00), 2 s | 600 journeys: arrived 91.7 %, fell 0 | clutt 93 doorw 79 stair 98 corne 94 mover 100 low 98 mixed 83
ppo 158: reward/step +0.028, pg -0.015 v 0.573 ent 1.192 bc 1.682 (x0.00), 2 s | 600 journeys: arrived 90.5 %, fell 0 | clutt 85 doorw 77 stair 96 corne 95 mover 100 low 100 mixed 81
ppo 159: reward/step +0.032, pg -0.014 v 0.585 ent 1.192 bc 1.691 (x0.00), 2 s | 600 journeys: arrived 90.3 %, fell 0 | clutt 86 doorw 81 stair 97 corne 92 mover 100 low 100 mixed 76
bench at 159: arrived 374/420, fell 0, off 0, timeout 41, failed 5, secs 67.0, bumps 2.21
ppo 160: reward/step +0.035, pg -0.015 v 0.484 ent 1.205 bc 1.726 (x0.00), 2 s | 600 journeys: arrived 91.0 %, fell 0 | clutt 88 doorw 85 stair 96 corne 91 mover 100 low 100 mixed 77
ppo 161: reward/step +0.029, pg -0.014 v 0.538 ent 1.185 bc 1.697 (x0.00), 2 s | 600 journeys: arrived 91.0 %, fell 0 | clutt 94 doorw 87 stair 95 corne 92 mover 100 low 100 mixed 73
ppo 162: reward/step +0.029, pg -0.015 v 0.565 ent 1.183 bc 1.744 (x0.00), 2 s | 600 journeys: arrived 90.0 %, fell 0 | clutt 93 doorw 84 stair 97 corne 93 mover 100 low 100 mixed 71
ppo 163: reward/step +0.033, pg -0.014 v 0.524 ent 1.176 bc 1.749 (x0.00), 2 s | 600 journeys: arrived 91.7 %, fell 0 | clutt 94 doorw 82 stair 95 corne 94 mover 100 low 100 mixed 81
ppo 164: reward/step +0.034, pg -0.014 v 0.570 ent 1.164 bc 1.759 (x0.00), 2 s | 600 journeys: arrived 91.7 %, fell 0 | clutt 91 doorw 82 stair 96 corne 93 mover 100 low 100 mixed 83
ppo 165: reward/step +0.034, pg -0.014 v 0.596 ent 1.172 bc 1.807 (x0.00), 2 s | 600 journeys: arrived 91.0 %, fell 0 | clutt 89 doorw 86 stair 96 corne 92 mover 98 low 100 mixed 78
ppo 166: reward/step +0.036, pg -0.014 v 0.584 ent 1.167 bc 1.772 (x0.00), 2 s | 600 journeys: arrived 92.3 %, fell 0 | clutt 95 doorw 89 stair 94 corne 91 mover 100 low 100 mixed 82
ppo 167: reward/step +0.035, pg -0.013 v 0.617 ent 1.160 bc 1.816 (x0.00), 2 s | 600 journeys: arrived 92.3 %, fell 0 | clutt 91 doorw 89 stair 97 corne 89 mover 100 low 100 mixed 81
ppo 168: reward/step +0.040, pg -0.014 v 0.558 ent 1.159 bc 1.736 (x0.00), 3 s | 600 journeys: arrived 92.7 %, fell 0 | clutt 94 doorw 88 stair 99 corne 92 mover 100 low 98 mixed 82
ppo 169: reward/step +0.034, pg -0.014 v 0.616 ent 1.172 bc 1.825 (x0.00), 2 s | 600 journeys: arrived 95.3 %, fell 0 | clutt 93 doorw 90 stair 98 corne 94 mover 100 low 100 mixed 93
ppo 170: reward/step +0.031, pg -0.014 v 0.642 ent 1.161 bc 1.845 (x0.00), 2 s | 600 journeys: arrived 93.0 %, fell 0 | clutt 93 doorw 86 stair 97 corne 93 mover 100 low 100 mixed 87
ppo 171: reward/step +0.034, pg -0.014 v 0.605 ent 1.158 bc 1.791 (x0.00), 2 s | 600 journeys: arrived 90.2 %, fell 0 | clutt 92 doorw 80 stair 95 corne 92 mover 100 low 100 mixed 77
ppo 172: reward/step +0.030, pg -0.013 v 0.676 ent 1.167 bc 1.880 (x0.00), 2 s | 600 journeys: arrived 90.0 %, fell 0 | clutt 94 doorw 81 stair 95 corne 91 mover 98 low 100 mixed 73
ppo 173: reward/step +0.037, pg -0.014 v 0.603 ent 1.165 bc 1.870 (x0.00), 2 s | 600 journeys: arrived 91.7 %, fell 0 | clutt 91 doorw 84 stair 97 corne 91 mover 99 low 100 mixed 79
ppo 174: reward/step +0.034, pg -0.014 v 0.577 ent 1.176 bc 1.877 (x0.00), 2 s | 600 journeys: arrived 92.2 %, fell 0 | clutt 89 doorw 84 stair 97 corne 95 mover 100 low 98 mixed 80
ppo 175: reward/step +0.041, pg -0.014 v 0.446 ent 1.153 bc 1.803 (x0.00), 2 s | 600 journeys: arrived 92.7 %, fell 0 | clutt 91 doorw 88 stair 95 corne 96 mover 100 low 98 mixed 80
ppo 176: reward/step +0.029, pg -0.013 v 0.558 ent 1.145 bc 1.843 (x0.00), 2 s | 600 journeys: arrived 90.5 %, fell 0 | clutt 92 doorw 82 stair 90 corne 95 mover 100 low 100 mixed 79
ppo 177: reward/step +0.030, pg -0.013 v 0.532 ent 1.149 bc 1.860 (x0.00), 2 s | 600 journeys: arrived 90.0 %, fell 0 | clutt 90 doorw 78 stair 93 corne 96 mover 100 low 100 mixed 78
ppo 178: reward/step +0.032, pg -0.013 v 0.557 ent 1.148 bc 1.862 (x0.00), 3 s | 600 journeys: arrived 90.7 %, fell 0 | clutt 93 doorw 82 stair 96 corne 94 mover 100 low 100 mixed 73
ppo 179: reward/step +0.036, pg -0.013 v 0.529 ent 1.147 bc 1.907 (x0.00), 2 s | 600 journeys: arrived 90.8 %, fell 0 | clutt 95 doorw 86 stair 97 corne 92 mover 100 low 100 mixed 71
bench at 179: arrived 378/420, fell 0, off 0, timeout 35, failed 7, secs 69.5, bumps 1.84
  best so far (update 179)
ppo 180: reward/step +0.035, pg -0.014 v 0.528 ent 1.141 bc 1.911 (x0.00), 2 s | 600 journeys: arrived 92.2 %, fell 0 | clutt 92 doorw 85 stair 99 corne 92 mover 100 low 99 mixed 79
ppo 181: reward/step +0.034, pg -0.013 v 0.537 ent 1.141 bc 1.925 (x0.00), 2 s | 600 journeys: arrived 92.7 %, fell 0 | clutt 88 doorw 81 stair 97 corne 94 mover 100 low 100 mixed 85
ppo 182: reward/step +0.027, pg -0.013 v 0.576 ent 1.138 bc 1.927 (x0.00), 3 s | 600 journeys: arrived 92.0 %, fell 0 | clutt 95 doorw 82 stair 92 corne 98 mover 100 low 100 mixed 78
ppo 183: reward/step +0.032, pg -0.013 v 0.550 ent 1.143 bc 1.931 (x0.00), 2 s | 600 journeys: arrived 91.0 %, fell 0 | clutt 93 doorw 81 stair 93 corne 97 mover 100 low 98 mixed 73
ppo 184: reward/step +0.033, pg -0.014 v 0.605 ent 1.137 bc 1.982 (x0.00), 2 s | 600 journeys: arrived 91.2 %, fell 0 | clutt 91 doorw 81 stair 96 corne 92 mover 100 low 100 mixed 79
ppo 185: reward/step +0.034, pg -0.013 v 0.620 ent 1.130 bc 1.938 (x0.00), 2 s | 600 journeys: arrived 91.3 %, fell 0 | clutt 94 doorw 83 stair 99 corne 91 mover 100 low 97 mixed 79
ppo 186: reward/step +0.033, pg -0.013 v 0.592 ent 1.123 bc 1.928 (x0.00), 2 s | 600 journeys: arrived 90.8 %, fell 0 | clutt 95 doorw 83 stair 96 corne 93 mover 100 low 98 mixed 75
ppo 187: reward/step +0.035, pg -0.014 v 0.558 ent 1.110 bc 1.957 (x0.00), 2 s | 600 journeys: arrived 91.3 %, fell 0 | clutt 83 doorw 84 stair 95 corne 95 mover 100 low 100 mixed 79
ppo 188: reward/step +0.031, pg -0.013 v 0.558 ent 1.118 bc 1.993 (x0.00), 2 s | 600 journeys: arrived 90.5 %, fell 0 | clutt 82 doorw 88 stair 97 corne 90 mover 100 low 100 mixed 73
ppo 189: reward/step +0.034, pg -0.014 v 0.526 ent 1.121 bc 2.000 (x0.00), 2 s | 600 journeys: arrived 89.8 %, fell 0 | clutt 90 doorw 88 stair 95 corne 88 mover 100 low 97 mixed 74
ppo 190: reward/step +0.030, pg -0.013 v 0.480 ent 1.115 bc 2.032 (x0.00), 2 s | 600 journeys: arrived 90.5 %, fell 0 | clutt 89 doorw 88 stair 94 corne 93 mover 98 low 97 mixed 70
ppo 191: reward/step +0.035, pg -0.014 v 0.468 ent 1.114 bc 2.033 (x0.00), 2 s | 600 journeys: arrived 93.5 %, fell 0 | clutt 94 doorw 90 stair 98 corne 97 mover 98 low 100 mixed 75
ppo 192: reward/step +0.033, pg -0.013 v 0.618 ent 1.105 bc 2.033 (x0.00), 2 s | 600 journeys: arrived 92.5 %, fell 0 | clutt 97 doorw 84 stair 98 corne 92 mover 100 low 99 mixed 81
ppo 193: reward/step +0.029, pg -0.014 v 0.554 ent 1.110 bc 2.061 (x0.00), 2 s | 600 journeys: arrived 89.8 %, fell 0 | clutt 90 doorw 80 stair 97 corne 90 mover 100 low 99 mixed 78
ppo 194: reward/step +0.031, pg -0.014 v 0.562 ent 1.097 bc 2.038 (x0.00), 2 s | 600 journeys: arrived 91.2 %, fell 0 | clutt 90 doorw 85 stair 97 corne 94 mover 100 low 100 mixed 76
ppo 195: reward/step +0.023, pg -0.012 v 0.676 ent 1.087 bc 2.112 (x0.00), 2 s | 600 journeys: arrived 90.7 %, fell 0 | clutt 94 doorw 78 stair 95 corne 95 mover 100 low 100 mixed 76
ppo 196: reward/step +0.029, pg -0.012 v 0.623 ent 1.102 bc 2.106 (x0.00), 3 s | 600 journeys: arrived 88.5 %, fell 0 | clutt 91 doorw 70 stair 96 corne 93 mover 100 low 100 mixed 73
ppo 197: reward/step +0.033, pg -0.013 v 0.474 ent 1.086 bc 2.147 (x0.00), 2 s | 600 journeys: arrived 90.5 %, fell 0 | clutt 89 doorw 77 stair 98 corne 92 mover 99 low 100 mixed 79
ppo 198: reward/step +0.035, pg -0.013 v 0.458 ent 1.088 bc 2.120 (x0.00), 2 s | 600 journeys: arrived 90.5 %, fell 0 | clutt 92 doorw 73 stair 96 corne 94 mover 99 low 100 mixed 84
ppo 199: reward/step +0.037, pg -0.014 v 0.508 ent 1.086 bc 2.077 (x0.00), 2 s | 600 journeys: arrived 89.7 %, fell 0 | clutt 94 doorw 77 stair 96 corne 88 mover 100 low 100 mixed 81
bench at 199: arrived 372/420, fell 0, off 0, timeout 44, failed 4, secs 68.2, bumps 2.00
ppo 200: reward/step +0.035, pg -0.013 v 0.477 ent 1.094 bc 2.160 (x0.00), 3 s | 600 journeys: arrived 92.0 %, fell 0 | clutt 92 doorw 81 stair 98 corne 92 mover 100 low 100 mixed 83
ppo 201: reward/step +0.033, pg -0.013 v 0.554 ent 1.085 bc 2.114 (x0.00), 2 s | 600 journeys: arrived 91.8 %, fell 0 | clutt 86 doorw 82 stair 97 corne 94 mover 100 low 99 mixed 81
ppo 202: reward/step +0.033, pg -0.014 v 0.579 ent 1.088 bc 2.211 (x0.00), 2 s | 600 journeys: arrived 92.0 %, fell 0 | clutt 90 doorw 80 stair 98 corne 95 mover 100 low 98 mixed 82
ppo 203: reward/step +0.039, pg -0.013 v 0.427 ent 1.082 bc 2.123 (x0.00), 2 s | 600 journeys: arrived 92.5 %, fell 0 | clutt 95 doorw 80 stair 98 corne 96 mover 100 low 98 mixed 82
ppo 204: reward/step +0.035, pg -0.014 v 0.494 ent 1.069 bc 2.147 (x0.00), 2 s | 600 journeys: arrived 93.2 %, fell 0 | clutt 95 doorw 85 stair 95 corne 96 mover 100 low 98 mixed 81
ppo 205: reward/step +0.035, pg -0.014 v 0.526 ent 1.074 bc 2.178 (x0.00), 2 s | 600 journeys: arrived 93.3 %, fell 0 | clutt 98 doorw 86 stair 95 corne 96 mover 97 low 99 mixed 86
ppo 206: reward/step +0.036, pg -0.013 v 0.466 ent 1.073 bc 2.140 (x0.00), 2 s | 600 journeys: arrived 93.7 %, fell 0 | clutt 96 doorw 83 stair 99 corne 98 mover 98 low 98 mixed 83
ppo 207: reward/step +0.033, pg -0.014 v 0.540 ent 1.082 bc 2.211 (x0.00), 2 s | 600 journeys: arrived 93.2 %, fell 0 | clutt 97 doorw 81 stair 98 corne 97 mover 100 low 100 mixed 81
ppo 208: reward/step +0.032, pg -0.013 v 0.486 ent 1.061 bc 2.194 (x0.00), 2 s | 600 journeys: arrived 93.2 %, fell 0 | clutt 95 doorw 87 stair 98 corne 96 mover 100 low 100 mixed 79
ppo 209: reward/step +0.033, pg -0.013 v 0.445 ent 1.056 bc 2.193 (x0.00), 2 s | 600 journeys: arrived 90.5 %, fell 0 | clutt 91 doorw 74 stair 97 corne 97 mover 100 low 100 mixed 75
ppo 210: reward/step +0.037, pg -0.013 v 0.470 ent 1.046 bc 2.187 (x0.00), 2 s | 600 journeys: arrived 90.5 %, fell 0 | clutt 89 doorw 78 stair 98 corne 93 mover 100 low 100 mixed 78
ppo 211: reward/step +0.034, pg -0.013 v 0.514 ent 1.048 bc 2.194 (x0.00), 2 s | 600 journeys: arrived 92.8 %, fell 0 | clutt 92 doorw 86 stair 98 corne 94 mover 100 low 100 mixed 83
ppo 212: reward/step +0.032, pg -0.013 v 0.478 ent 1.050 bc 2.255 (x0.00), 2 s | 600 journeys: arrived 92.8 %, fell 0 | clutt 88 doorw 85 stair 98 corne 92 mover 100 low 100 mixed 88
ppo 213: reward/step +0.031, pg -0.013 v 0.512 ent 1.040 bc 2.264 (x0.00), 2 s | 600 journeys: arrived 92.0 %, fell 0 | clutt 87 doorw 87 stair 97 corne 91 mover 100 low 100 mixed 85
ppo 214: reward/step +0.037, pg -0.013 v 0.452 ent 1.036 bc 2.270 (x0.00), 2 s | 600 journeys: arrived 91.8 %, fell 0 | clutt 93 doorw 81 stair 95 corne 92 mover 100 low 100 mixed 85
ppo 215: reward/step +0.035, pg -0.013 v 0.484 ent 1.036 bc 2.268 (x0.00), 2 s | 600 journeys: arrived 89.7 %, fell 0 | clutt 95 doorw 73 stair 93 corne 94 mover 100 low 100 mixed 75
ppo 216: reward/step +0.037, pg -0.012 v 0.548 ent 1.046 bc 2.231 (x0.00), 3 s | 600 journeys: arrived 92.0 %, fell 0 | clutt 96 doorw 86 stair 97 corne 94 mover 100 low 100 mixed 74
ppo 217: reward/step +0.033, pg -0.013 v 0.638 ent 1.042 bc 2.212 (x0.00), 2 s | 600 journeys: arrived 92.0 %, fell 0 | clutt 91 doorw 88 stair 98 corne 91 mover 98 low 100 mixed 81
ppo 218: reward/step +0.036, pg -0.013 v 0.515 ent 1.036 bc 2.214 (x0.00), 2 s | 600 journeys: arrived 92.5 %, fell 0 | clutt 92 doorw 88 stair 96 corne 93 mover 98 low 100 mixed 81
ppo 219: reward/step +0.036, pg -0.013 v 0.607 ent 1.031 bc 2.292 (x0.00), 2 s | 600 journeys: arrived 92.5 %, fell 0 | clutt 93 doorw 88 stair 96 corne 92 mover 100 low 100 mixed 82
bench at 219: arrived 389/420, fell 0, off 0, timeout 26, failed 5, secs 69.7, bumps 1.81
  best so far (update 219)
ppo 220: reward/step +0.037, pg -0.013 v 0.519 ent 1.026 bc 2.250 (x0.00), 2 s | 600 journeys: arrived 91.7 %, fell 0 | clutt 94 doorw 86 stair 95 corne 90 mover 100 low 100 mixed 80
ppo 221: reward/step +0.037, pg -0.012 v 0.528 ent 1.016 bc 2.269 (x0.00), 2 s | 600 journeys: arrived 92.5 %, fell 0 | clutt 90 doorw 85 stair 98 corne 93 mover 100 low 100 mixed 84
ppo 222: reward/step +0.033, pg -0.012 v 0.532 ent 1.025 bc 2.315 (x0.00), 2 s | 600 journeys: arrived 92.5 %, fell 0 | clutt 89 doorw 88 stair 99 corne 95 mover 100 low 99 mixed 74
ppo 223: reward/step +0.035, pg -0.013 v 0.529 ent 1.021 bc 2.289 (x0.00), 2 s | 600 journeys: arrived 90.7 %, fell 0 | clutt 90 doorw 84 stair 99 corne 94 mover 100 low 100 mixed 71
ppo 224: reward/step +0.032, pg -0.013 v 0.492 ent 1.008 bc 2.256 (x0.00), 2 s | 600 journeys: arrived 91.8 %, fell 0 | clutt 90 doorw 84 stair 97 corne 93 mover 100 low 100 mixed 81
ppo 225: reward/step +0.036, pg -0.013 v 0.495 ent 1.018 bc 2.304 (x0.00), 2 s | 600 journeys: arrived 92.7 %, fell 0 | clutt 90 doorw 89 stair 99 corne 95 mover 100 low 98 mixed 74
ppo 226: reward/step +0.034, pg -0.012 v 0.504 ent 1.020 bc 2.311 (x0.00), 2 s | 600 journeys: arrived 92.2 %, fell 0 | clutt 92 doorw 85 stair 96 corne 95 mover 99 low 96 mixed 81
ppo 227: reward/step +0.035, pg -0.012 v 0.516 ent 1.007 bc 2.280 (x0.00), 2 s | 600 journeys: arrived 92.2 %, fell 0 | clutt 94 doorw 85 stair 95 corne 96 mover 100 low 98 mixed 79
ppo 228: reward/step +0.037, pg -0.013 v 0.524 ent 0.996 bc 2.317 (x0.00), 2 s | 600 journeys: arrived 91.0 %, fell 0 | clutt 94 doorw 86 stair 97 corne 93 mover 100 low 100 mixed 71
ppo 229: reward/step +0.035, pg -0.013 v 0.507 ent 1.009 bc 2.360 (x0.00), 2 s | 600 journeys: arrived 91.5 %, fell 0 | clutt 90 doorw 88 stair 96 corne 93 mover 100 low 100 mixed 75
ppo 230: reward/step +0.034, pg -0.013 v 0.577 ent 1.001 bc 2.333 (x0.00), 2 s | 600 journeys: arrived 91.8 %, fell 0 | clutt 91 doorw 92 stair 96 corne 90 mover 100 low 100 mixed 78
ppo 231: reward/step +0.038, pg -0.013 v 0.480 ent 1.006 bc 2.320 (x0.00), 2 s | 600 journeys: arrived 91.8 %, fell 0 | clutt 94 doorw 88 stair 97 corne 91 mover 100 low 100 mixed 81
ppo 232: reward/step +0.038, pg -0.012 v 0.535 ent 0.997 bc 2.416 (x0.00), 2 s | 600 journeys: arrived 92.5 %, fell 0 | clutt 91 doorw 81 stair 98 corne 97 mover 100 low 100 mixed 81
ppo 233: reward/step +0.034, pg -0.012 v 0.482 ent 0.989 bc 2.374 (x0.00), 2 s | 600 journeys: arrived 94.3 %, fell 0 | clutt 96 doorw 85 stair 99 corne 97 mover 100 low 98 mixed 84
ppo 234: reward/step +0.032, pg -0.012 v 0.569 ent 0.988 bc 2.358 (x0.00), 2 s | 600 journeys: arrived 91.2 %, fell 0 | clutt 96 doorw 79 stair 97 corne 90 mover 100 low 98 mixed 79
ppo 235: reward/step +0.038, pg -0.012 v 0.488 ent 1.004 bc 2.362 (x0.00), 2 s | 600 journeys: arrived 90.3 %, fell 0 | clutt 94 doorw 80 stair 94 corne 92 mover 100 low 100 mixed 79
ppo 236: reward/step +0.040, pg -0.013 v 0.440 ent 1.010 bc 2.359 (x0.00), 3 s | 600 journeys: arrived 92.7 %, fell 0 | clutt 89 doorw 83 stair 96 corne 94 mover 100 low 100 mixed 87
ppo 237: reward/step +0.039, pg -0.012 v 0.473 ent 1.016 bc 2.465 (x0.00), 2 s | 600 journeys: arrived 93.8 %, fell 0 | clutt 93 doorw 85 stair 98 corne 96 mover 100 low 99 mixed 87
ppo 238: reward/step +0.039, pg -0.012 v 0.497 ent 0.999 bc 2.356 (x0.00), 2 s | 600 journeys: arrived 93.2 %, fell 0 | clutt 91 doorw 89 stair 98 corne 91 mover 100 low 100 mixed 87
ppo 239: reward/step +0.035, pg -0.013 v 0.546 ent 1.003 bc 2.374 (x0.00), 2 s | 600 journeys: arrived 91.5 %, fell 0 | clutt 94 doorw 88 stair 94 corne 91 mover 97 low 100 mixed 77
bench at 239: arrived 384/420, fell 0, off 0, timeout 29, failed 7, secs 67.6, bumps 1.16
ppo 240: reward/step +0.038, pg -0.012 v 0.436 ent 1.000 bc 2.390 (x0.00), 3 s | 600 journeys: arrived 91.7 %, fell 0 | clutt 100 doorw 84 stair 96 corne 93 mover 98 low 100 mixed 69
ppo 241: reward/step +0.038, pg -0.012 v 0.499 ent 1.008 bc 2.447 (x0.00), 3 s | 600 journeys: arrived 93.5 %, fell 0 | clutt 93 doorw 91 stair 97 corne 93 mover 100 low 100 mixed 81
ppo 242: reward/step +0.037, pg -0.012 v 0.528 ent 1.005 bc 2.398 (x0.00), 2 s | 600 journeys: arrived 92.0 %, fell 0 | clutt 92 doorw 83 stair 95 corne 96 mover 100 low 100 mixed 82
ppo 243: reward/step +0.041, pg -0.012 v 0.511 ent 1.008 bc 2.347 (x0.00), 2 s | 600 journeys: arrived 92.8 %, fell 0 | clutt 97 doorw 86 stair 96 corne 94 mover 100 low 100 mixed 81
ppo 244: reward/step +0.040, pg -0.013 v 0.490 ent 1.017 bc 2.354 (x0.00), 2 s | 600 journeys: arrived 94.5 %, fell 0 | clutt 98 doorw 88 stair 98 corne 93 mover 100 low 100 mixed 87
ppo 245: reward/step +0.035, pg -0.012 v 0.455 ent 1.002 bc 2.381 (x0.00), 2 s | 600 journeys: arrived 95.2 %, fell 0 | clutt 97 doorw 92 stair 98 corne 93 mover 99 low 100 mixed 89
ppo 246: reward/step +0.037, pg -0.012 v 0.467 ent 1.003 bc 2.417 (x0.00), 2 s | 600 journeys: arrived 93.0 %, fell 0 | clutt 92 doorw 86 stair 98 corne 92 mover 99 low 100 mixed 85
ppo 247: reward/step +0.036, pg -0.013 v 0.484 ent 1.009 bc 2.382 (x0.00), 2 s | 600 journeys: arrived 91.5 %, fell 0 | clutt 93 doorw 86 stair 94 corne 91 mover 100 low 100 mixed 79
ppo 248: reward/step +0.036, pg -0.011 v 0.494 ent 1.000 bc 2.337 (x0.00), 2 s | 600 journeys: arrived 93.2 %, fell 0 | clutt 96 doorw 89 stair 94 corne 94 mover 100 low 98 mixed 83
ppo 249: reward/step +0.035, pg -0.011 v 0.553 ent 1.007 bc 2.485 (x0.00), 2 s | 600 journeys: arrived 92.8 %, fell 0 | clutt 87 doorw 83 stair 100 corne 98 mover 100 low 98 mixed 84
ppo 250: reward/step +0.036, pg -0.012 v 0.616 ent 1.003 bc 2.452 (x0.00), 2 s | 600 journeys: arrived 91.3 %, fell 0 | clutt 84 doorw 81 stair 98 corne 95 mover 100 low 100 mixed 82
ppo 251: reward/step +0.038, pg -0.012 v 0.456 ent 0.985 bc 2.399 (x0.00), 2 s | 600 journeys: arrived 93.5 %, fell 0 | clutt 93 doorw 89 stair 97 corne 96 mover 100 low 100 mixed 80
ppo 252: reward/step +0.038, pg -0.013 v 0.457 ent 0.982 bc 2.483 (x0.00), 2 s | 600 journeys: arrived 93.7 %, fell 0 | clutt 92 doorw 90 stair 99 corne 94 mover 100 low 100 mixed 81
ppo 253: reward/step +0.031, pg -0.011 v 0.536 ent 0.986 bc 2.501 (x0.00), 2 s | 600 journeys: arrived 92.0 %, fell 0 | clutt 92 doorw 86 stair 98 corne 92 mover 100 low 98 mixed 81
ppo 254: reward/step +0.032, pg -0.012 v 0.603 ent 1.000 bc 2.527 (x0.00), 2 s | 600 journeys: arrived 90.2 %, fell 0 | clutt 90 doorw 77 stair 95 corne 95 mover 98 low 96 mixed 80
ppo 255: reward/step +0.037, pg -0.011 v 0.467 ent 0.990 bc 2.522 (x0.00), 2 s | 600 journeys: arrived 91.7 %, fell 0 | clutt 84 doorw 85 stair 95 corne 97 mover 99 low 100 mixed 81
ppo 256: reward/step +0.033, pg -0.013 v 0.497 ent 0.999 bc 2.449 (x0.00), 3 s | 600 journeys: arrived 92.2 %, fell 0 | clutt 84 doorw 83 stair 97 corne 96 mover 100 low 97 mixed 87
ppo 257: reward/step +0.036, pg -0.013 v 0.466 ent 0.989 bc 2.448 (x0.00), 2 s | 600 journeys: arrived 92.8 %, fell 0 | clutt 86 doorw 84 stair 97 corne 96 mover 100 low 97 mixed 88
ppo 258: reward/step +0.036, pg -0.012 v 0.478 ent 0.999 bc 2.507 (x0.00), 3 s | 600 journeys: arrived 92.3 %, fell 0 | clutt 96 doorw 79 stair 98 corne 96 mover 100 low 99 mixed 80
ppo 259: reward/step +0.033, pg -0.011 v 0.542 ent 0.999 bc 2.461 (x0.00), 2 s | 600 journeys: arrived 90.2 %, fell 0 | clutt 96 doorw 72 stair 95 corne 94 mover 100 low 99 mixed 76
bench at 259: arrived 385/420, fell 0, off 0, timeout 32, failed 3, secs 68.1, bumps 0.99
ppo 260: reward/step +0.038, pg -0.012 v 0.496 ent 0.997 bc 2.451 (x0.00), 2 s | 600 journeys: arrived 90.8 %, fell 0 | clutt 93 doorw 77 stair 93 corne 95 mover 98 low 98 mixed 80
ppo 261: reward/step +0.040, pg -0.013 v 0.381 ent 0.992 bc 2.423 (x0.00), 2 s | 600 journeys: arrived 92.5 %, fell 0 | clutt 95 doorw 80 stair 96 corne 95 mover 98 low 98 mixed 88
ppo 262: reward/step +0.036, pg -0.012 v 0.478 ent 0.988 bc 2.491 (x0.00), 2 s | 600 journeys: arrived 91.3 %, fell 0 | clutt 94 doorw 81 stair 97 corne 91 mover 100 low 100 mixed 75
ppo 263: reward/step +0.035, pg -0.012 v 0.539 ent 1.004 bc 2.540 (x0.00), 2 s | 600 journeys: arrived 92.2 %, fell 0 | clutt 93 doorw 79 stair 98 corne 94 mover 100 low 100 mixed 80
ppo 264: reward/step +0.032, pg -0.012 v 0.520 ent 0.987 bc 2.539 (x0.00), 3 s | 600 journeys: arrived 93.7 %, fell 0 | clutt 91 doorw 89 stair 98 corne 98 mover 100 low 98 mixed 78
ppo 265: reward/step +0.030, pg -0.012 v 0.592 ent 0.998 bc 2.524 (x0.00), 2 s | 600 journeys: arrived 92.5 %, fell 0 | clutt 88 doorw 90 stair 98 corne 97 mover 100 low 100 mixed 71
ppo 266: reward/step +0.038, pg -0.011 v 0.590 ent 0.999 bc 2.461 (x0.00), 2 s | 600 journeys: arrived 90.8 %, fell 0 | clutt 90 doorw 84 stair 96 corne 95 mover 100 low 98 mixed 72
ppo 267: reward/step +0.036, pg -0.011 v 0.565 ent 1.011 bc 2.489 (x0.00), 2 s | 600 journeys: arrived 92.7 %, fell 0 | clutt 96 doorw 85 stair 97 corne 94 mover 100 low 95 mixed 83
ppo 268: reward/step +0.036, pg -0.011 v 0.517 ent 1.007 bc 2.470 (x0.00), 2 s | 600 journeys: arrived 91.2 %, fell 0 | clutt 92 doorw 76 stair 98 corne 94 mover 100 low 97 mixed 80
ppo 269: reward/step +0.037, pg -0.012 v 0.533 ent 0.992 bc 2.537 (x0.00), 2 s | 600 journeys: arrived 92.2 %, fell 0 | clutt 94 doorw 85 stair 95 corne 96 mover 100 low 100 mixed 78
ppo 270: reward/step +0.036, pg -0.012 v 0.505 ent 0.979 bc 2.506 (x0.00), 2 s | 600 journeys: arrived 93.0 %, fell 0 | clutt 95 doorw 83 stair 97 corne 96 mover 100 low 100 mixed 79
ppo 271: reward/step +0.041, pg -0.012 v 0.458 ent 0.999 bc 2.496 (x0.00), 2 s | 600 journeys: arrived 92.3 %, fell 0 | clutt 95 doorw 74 stair 98 corne 98 mover 100 low 100 mixed 80
ppo 272: reward/step +0.039, pg -0.012 v 0.459 ent 0.992 bc 2.452 (x0.00), 2 s | 600 journeys: arrived 93.0 %, fell 0 | clutt 97 doorw 82 stair 97 corne 95 mover 100 low 98 mixed 84
ppo 273: reward/step +0.036, pg -0.011 v 0.441 ent 0.972 bc 2.432 (x0.00), 3 s | 600 journeys: arrived 92.2 %, fell 0 | clutt 91 doorw 90 stair 96 corne 92 mover 100 low 98 mixed 79
ppo 274: reward/step +0.036, pg -0.012 v 0.467 ent 0.971 bc 2.507 (x0.00), 2 s | 600 journeys: arrived 91.0 %, fell 0 | clutt 87 doorw 84 stair 95 corne 92 mover 100 low 98 mixed 82
ppo 275: reward/step +0.038, pg -0.012 v 0.430 ent 0.964 bc 2.463 (x0.00), 2 s | 600 journeys: arrived 91.7 %, fell 0 | clutt 83 doorw 81 stair 96 corne 95 mover 100 low 100 mixed 85
ppo 276: reward/step +0.040, pg -0.011 v 0.453 ent 0.974 bc 2.569 (x0.00), 2 s | 600 journeys: arrived 90.8 %, fell 0 | clutt 86 doorw 79 stair 93 corne 93 mover 100 low 100 mixed 89
ppo 277: reward/step +0.040, pg -0.012 v 0.409 ent 0.982 bc 2.526 (x0.00), 3 s | 600 journeys: arrived 92.8 %, fell 0 | clutt 93 doorw 78 stair 98 corne 95 mover 100 low 100 mixed 84
ppo 278: reward/step +0.037, pg -0.011 v 0.458 ent 0.961 bc 2.551 (x0.00), 3 s | 600 journeys: arrived 94.0 %, fell 0 | clutt 97 doorw 89 stair 97 corne 95 mover 100 low 100 mixed 80
ppo 279: reward/step +0.037, pg -0.011 v 0.471 ent 0.974 bc 2.511 (x0.00), 2 s | 600 journeys: arrived 93.2 %, fell 0 | clutt 97 doorw 86 stair 97 corne 94 mover 100 low 100 mixed 78
bench at 279: arrived 383/420, fell 0, off 0, timeout 35, failed 2, secs 68.0, bumps 1.69
ppo 280: reward/step +0.040, pg -0.011 v 0.552 ent 0.986 bc 2.505 (x0.00), 3 s | 600 journeys: arrived 91.3 %, fell 0 | clutt 94 doorw 84 stair 96 corne 92 mover 100 low 100 mixed 77
ppo 281: reward/step +0.038, pg -0.011 v 0.521 ent 0.973 bc 2.499 (x0.00), 3 s | 600 journeys: arrived 94.3 %, fell 0 | clutt 96 doorw 88 stair 98 corne 94 mover 100 low 100 mixed 86
ppo 282: reward/step +0.036, pg -0.011 v 0.541 ent 0.972 bc 2.642 (x0.00), 2 s | 600 journeys: arrived 92.7 %, fell 0 | clutt 90 doorw 86 stair 96 corne 92 mover 100 low 100 mixed 85
ppo 283: reward/step +0.035, pg -0.012 v 0.535 ent 0.978 bc 2.530 (x0.00), 3 s | 600 journeys: arrived 90.5 %, fell 0 | clutt 90 doorw 85 stair 94 corne 88 mover 100 low 100 mixed 79
ppo 284: reward/step +0.038, pg -0.011 v 0.461 ent 0.978 bc 2.473 (x0.00), 2 s | 600 journeys: arrived 91.8 %, fell 0 | clutt 92 doorw 87 stair 98 corne 91 mover 100 low 100 mixed 78
ppo 285: reward/step +0.040, pg -0.011 v 0.445 ent 0.982 bc 2.518 (x0.00), 2 s | 600 journeys: arrived 94.2 %, fell 0 | clutt 97 doorw 87 stair 97 corne 96 mover 100 low 100 mixed 86
ppo 286: reward/step +0.038, pg -0.011 v 0.424 ent 0.986 bc 2.532 (x0.00), 2 s | 600 journeys: arrived 93.8 %, fell 0 | clutt 99 doorw 92 stair 98 corne 95 mover 100 low 98 mixed 76
ppo 287: reward/step +0.038, pg -0.011 v 0.437 ent 0.970 bc 2.525 (x0.00), 2 s | 600 journeys: arrived 93.7 %, fell 0 | clutt 95 doorw 89 stair 99 corne 99 mover 100 low 98 mixed 71
ppo 288: reward/step +0.035, pg -0.011 v 0.512 ent 0.961 bc 2.538 (x0.00), 2 s | 600 journeys: arrived 93.0 %, fell 0 | clutt 93 doorw 91 stair 98 corne 96 mover 100 low 100 mixed 72
ppo 289: reward/step +0.035, pg -0.011 v 0.442 ent 0.968 bc 2.560 (x0.00), 3 s | 600 journeys: arrived 92.8 %, fell 0 | clutt 93 doorw 87 stair 98 corne 95 mover 100 low 100 mixed 77
ppo 290: reward/step +0.039, pg -0.011 v 0.427 ent 0.970 bc 2.557 (x0.00), 3 s | 600 journeys: arrived 92.5 %, fell 0 | clutt 92 doorw 86 stair 98 corne 96 mover 100 low 100 mixed 78
ppo 291: reward/step +0.040, pg -0.011 v 0.485 ent 0.973 bc 2.567 (x0.00), 2 s | 600 journeys: arrived 93.3 %, fell 0 | clutt 90 doorw 84 stair 98 corne 93 mover 99 low 100 mixed 92
ppo 292: reward/step +0.040, pg -0.011 v 0.534 ent 0.972 bc 2.531 (x0.00), 2 s | 600 journeys: arrived 92.8 %, fell 0 | clutt 92 doorw 86 stair 98 corne 92 mover 98 low 98 mixed 87
ppo 293: reward/step +0.037, pg -0.011 v 0.490 ent 0.977 bc 2.581 (x0.00), 2 s | 600 journeys: arrived 92.8 %, fell 0 | clutt 87 doorw 89 stair 96 corne 94 mover 100 low 99 mixed 86
ppo 294: reward/step +0.042, pg -0.011 v 0.463 ent 0.970 bc 2.605 (x0.00), 2 s | 600 journeys: arrived 93.3 %, fell 0 | clutt 96 doorw 89 stair 98 corne 91 mover 100 low 100 mixed 81
ppo 295: reward/step +0.041, pg -0.011 v 0.440 ent 0.975 bc 2.550 (x0.00), 2 s | 600 journeys: arrived 93.8 %, fell 0 | clutt 90 doorw 91 stair 97 corne 95 mover 100 low 100 mixed 81
ppo 296: reward/step +0.041, pg -0.012 v 0.492 ent 0.979 bc 2.516 (x0.00), 2 s | 600 journeys: arrived 92.0 %, fell 0 | clutt 89 doorw 85 stair 95 corne 96 mover 100 low 100 mixed 79
ppo 297: reward/step +0.041, pg -0.011 v 0.488 ent 0.986 bc 2.546 (x0.00), 2 s | 600 journeys: arrived 94.0 %, fell 0 | clutt 96 doorw 86 stair 98 corne 98 mover 100 low 100 mixed 79
ppo 298: reward/step +0.037, pg -0.011 v 0.515 ent 0.974 bc 2.564 (x0.00), 2 s | 600 journeys: arrived 95.8 %, fell 0 | clutt 96 doorw 99 stair 99 corne 96 mover 98 low 100 mixed 85
ppo 299: reward/step +0.036, pg -0.011 v 0.445 ent 0.961 bc 2.628 (x0.00), 2 s | 600 journeys: arrived 94.8 %, fell 0 | clutt 94 doorw 92 stair 98 corne 95 mover 99 low 99 mixed 86
bench at 299: arrived 384/420, fell 0, off 0, timeout 32, failed 4, secs 68.8, bumps 2.16
ppo 300: reward/step +0.036, pg -0.011 v 0.430 ent 0.972 bc 2.559 (x0.00), 3 s | 600 journeys: arrived 92.0 %, fell 0 | clutt 93 doorw 79 stair 99 corne 95 mover 100 low 97 mixed 78
ppo 301: reward/step +0.038, pg -0.011 v 0.446 ent 0.962 bc 2.572 (x0.00), 2 s | 600 journeys: arrived 92.5 %, fell 0 | clutt 94 doorw 80 stair 98 corne 94 mover 100 low 100 mixed 80
ppo 302: reward/step +0.037, pg -0.011 v 0.519 ent 0.975 bc 2.647 (x0.00), 2 s | 600 journeys: arrived 92.3 %, fell 0 | clutt 93 doorw 87 stair 99 corne 94 mover 100 low 100 mixed 76
ppo 303: reward/step +0.039, pg -0.011 v 0.489 ent 0.991 bc 2.550 (x0.00), 2 s | 600 journeys: arrived 91.8 %, fell 0 | clutt 86 doorw 89 stair 98 corne 94 mover 100 low 100 mixed 75
ppo 304: reward/step +0.041, pg -0.011 v 0.477 ent 0.990 bc 2.564 (x0.00), 2 s | 600 journeys: arrived 94.5 %, fell 0 | clutt 92 doorw 96 stair 98 corne 93 mover 100 low 100 mixed 82
ppo 305: reward/step +0.039, pg -0.011 v 0.477 ent 0.972 bc 2.532 (x0.00), 2 s | 600 journeys: arrived 93.8 %, fell 0 | clutt 92 doorw 90 stair 95 corne 96 mover 98 low 99 mixed 86
ppo 306: reward/step +0.037, pg -0.011 v 0.505 ent 0.974 bc 2.565 (x0.00), 2 s | 600 journeys: arrived 92.3 %, fell 0 | clutt 89 doorw 82 stair 96 corne 92 mover 100 low 99 mixed 88
ppo 307: reward/step +0.039, pg -0.010 v 0.429 ent 0.973 bc 2.626 (x0.00), 2 s | 600 journeys: arrived 92.7 %, fell 0 | clutt 89 doorw 85 stair 98 corne 94 mover 100 low 100 mixed 83
ppo 308: reward/step +0.035, pg -0.012 v 0.454 ent 0.964 bc 2.568 (x0.00), 3 s | 600 journeys: arrived 93.2 %, fell 0 | clutt 92 doorw 88 stair 93 corne 95 mover 100 low 100 mixed 85
ppo 309: reward/step +0.038, pg -0.011 v 0.477 ent 0.970 bc 2.639 (x0.00), 3 s | 600 journeys: arrived 91.0 %, fell 0 | clutt 95 doorw 80 stair 92 corne 93 mover 100 low 100 mixed 81
ppo 310: reward/step +0.041, pg -0.011 v 0.428 ent 0.974 bc 2.628 (x0.00), 3 s | 600 journeys: arrived 92.8 %, fell 0 | clutt 93 doorw 79 stair 97 corne 95 mover 100 low 100 mixed 86
ppo 311: reward/step +0.040, pg -0.011 v 0.435 ent 0.966 bc 2.589 (x0.00), 3 s | 600 journeys: arrived 93.5 %, fell 0 | clutt 89 doorw 88 stair 97 corne 95 mover 100 low 100 mixed 83
ppo 312: reward/step +0.038, pg -0.010 v 0.484 ent 0.975 bc 2.624 (x0.00), 3 s | 600 journeys: arrived 93.8 %, fell 0 | clutt 93 doorw 92 stair 99 corne 93 mover 100 low 100 mixed 78
ppo 313: reward/step +0.037, pg -0.011 v 0.474 ent 0.969 bc 2.655 (x0.00), 3 s | 600 journeys: arrived 93.5 %, fell 0 | clutt 94 doorw 85 stair 99 corne 93 mover 100 low 100 mixed 82
ppo 314: reward/step +0.043, pg -0.011 v 0.428 ent 0.978 bc 2.625 (x0.00), 3 s | 600 journeys: arrived 92.3 %, fell 0 | clutt 98 doorw 74 stair 100 corne 93 mover 99 low 98 mixed 84
ppo 315: reward/step +0.038, pg -0.011 v 0.428 ent 0.983 bc 2.601 (x0.00), 3 s | 600 journeys: arrived 93.2 %, fell 0 | clutt 97 doorw 84 stair 99 corne 94 mover 99 low 100 mixed 81
ppo 316: reward/step +0.033, pg -0.009 v 0.488 ent 0.973 bc 2.599 (x0.00), 3 s | 600 journeys: arrived 93.2 %, fell 0 | clutt 92 doorw 88 stair 99 corne 93 mover 100 low 100 mixed 82
ppo 317: reward/step +0.039, pg -0.011 v 0.498 ent 0.973 bc 2.648 (x0.00), 3 s | 600 journeys: arrived 91.7 %, fell 0 | clutt 88 doorw 86 stair 96 corne 93 mover 100 low 100 mixed 82
ppo 318: reward/step +0.037, pg -0.010 v 0.515 ent 0.979 bc 2.634 (x0.00), 3 s | 600 journeys: arrived 91.0 %, fell 0 | clutt 92 doorw 79 stair 95 corne 88 mover 100 low 100 mixed 88
ppo 319: reward/step +0.035, pg -0.010 v 0.500 ent 0.979 bc 2.663 (x0.00), 3 s | 600 journeys: arrived 92.2 %, fell 0 | clutt 89 doorw 78 stair 98 corne 90 mover 100 low 100 mixed 92
bench at 319: arrived 386/420, fell 0, off 0, timeout 29, failed 5, secs 68.3, bumps 1.87
ppo 320: reward/step +0.041, pg -0.011 v 0.441 ent 0.974 bc 2.633 (x0.00), 2 s | 600 journeys: arrived 93.7 %, fell 0 | clutt 95 doorw 86 stair 97 corne 94 mover 100 low 100 mixed 86
ppo 321: reward/step +0.039, pg -0.011 v 0.429 ent 0.984 bc 2.682 (x0.00), 2 s | 600 journeys: arrived 93.3 %, fell 0 | clutt 97 doorw 87 stair 97 corne 93 mover 100 low 98 mixed 83
ppo 322: reward/step +0.031, pg -0.010 v 0.551 ent 0.968 bc 2.728 (x0.00), 2 s | 600 journeys: arrived 94.3 %, fell 0 | clutt 98 doorw 91 stair 99 corne 94 mover 100 low 98 mixed 79
ppo 323: reward/step +0.032, pg -0.009 v 0.585 ent 0.968 bc 2.720 (x0.00), 3 s | 600 journeys: arrived 93.0 %, fell 0 | clutt 90 doorw 86 stair 98 corne 95 mover 100 low 100 mixed 81
ppo 324: reward/step +0.033, pg -0.010 v 0.577 ent 0.961 bc 2.703 (x0.00), 3 s | 600 journeys: arrived 89.2 %, fell 0 | clutt 83 doorw 82 stair 99 corne 93 mover 100 low 100 mixed 71
ppo 325: reward/step +0.038, pg -0.011 v 0.458 ent 0.957 bc 2.649 (x0.00), 3 s | 600 journeys: arrived 91.3 %, fell 0 | clutt 85 doorw 85 stair 98 corne 95 mover 100 low 100 mixed 78
ppo 326: reward/step +0.034, pg -0.010 v 0.487 ent 0.964 bc 2.682 (x0.00), 3 s | 600 journeys: arrived 91.5 %, fell 0 | clutt 94 doorw 83 stair 98 corne 91 mover 100 low 100 mixed 79
ppo 327: reward/step +0.043, pg -0.010 v 0.401 ent 0.974 bc 2.661 (x0.00), 3 s | 600 journeys: arrived 91.2 %, fell 0 | clutt 93 doorw 80 stair 98 corne 95 mover 100 low 98 mixed 75
ppo 328: reward/step +0.040, pg -0.010 v 0.500 ent 0.986 bc 2.690 (x0.00), 3 s | 600 journeys: arrived 91.8 %, fell 0 | clutt 96 doorw 85 stair 94 corne 93 mover 100 low 98 mixed 81
ppo 329: reward/step +0.040, pg -0.011 v 0.455 ent 0.985 bc 2.648 (x0.00), 3 s | 600 journeys: arrived 93.0 %, fell 0 | clutt 97 doorw 89 stair 95 corne 92 mover 100 low 100 mixed 84
ppo 330: reward/step +0.038, pg -0.011 v 0.506 ent 0.983 bc 2.639 (x0.00), 3 s | 600 journeys: arrived 93.7 %, fell 0 | clutt 98 doorw 89 stair 96 corne 95 mover 100 low 100 mixed 78
ppo 331: reward/step +0.036, pg -0.011 v 0.551 ent 0.990 bc 2.705 (x0.00), 3 s | 600 journeys: arrived 93.8 %, fell 0 | clutt 98 doorw 85 stair 98 corne 96 mover 98 low 100 mixed 81
ppo 332: reward/step +0.044, pg -0.010 v 0.462 ent 0.981 bc 2.694 (x0.00), 3 s | 600 journeys: arrived 94.3 %, fell 0 | clutt 94 doorw 93 stair 95 corne 96 mover 97 low 100 mixed 87
ppo 333: reward/step +0.040, pg -0.010 v 0.587 ent 0.978 bc 2.713 (x0.00), 3 s | 600 journeys: arrived 93.2 %, fell 0 | clutt 94 doorw 90 stair 97 corne 94 mover 98 low 100 mixed 80
ppo 334: reward/step +0.041, pg -0.010 v 0.468 ent 0.968 bc 2.714 (x0.00), 3 s | 600 journeys: arrived 94.8 %, fell 0 | clutt 97 doorw 89 stair 98 corne 96 mover 100 low 98 mixed 87
ppo 335: reward/step +0.041, pg -0.010 v 0.432 ent 0.960 bc 2.708 (x0.00), 3 s | 600 journeys: arrived 94.2 %, fell 0 | clutt 97 doorw 91 stair 97 corne 93 mover 100 low 98 mixed 87
ppo 336: reward/step +0.035, pg -0.009 v 0.471 ent 0.947 bc 2.703 (x0.00), 3 s | 600 journeys: arrived 93.0 %, fell 0 | clutt 97 doorw 87 stair 97 corne 92 mover 100 low 100 mixed 84
ppo 337: reward/step +0.037, pg -0.011 v 0.463 ent 0.946 bc 2.753 (x0.00), 3 s | 600 journeys: arrived 92.7 %, fell 0 | clutt 95 doorw 84 stair 99 corne 93 mover 100 low 98 mixed 82
ppo 338: reward/step +0.038, pg -0.010 v 0.468 ent 0.950 bc 2.744 (x0.00), 3 s | 600 journeys: arrived 91.0 %, fell 0 | clutt 88 doorw 85 stair 97 corne 94 mover 100 low 96 mixed 78
ppo 339: reward/step +0.041, pg -0.010 v 0.452 ent 0.966 bc 2.765 (x0.00), 3 s | 600 journeys: arrived 92.5 %, fell 0 | clutt 95 doorw 89 stair 98 corne 93 mover 100 low 98 mixed 77
bench at 339: arrived 393/420, fell 0, off 0, timeout 26, failed 1, secs 68.7, bumps 1.29
  best so far (update 339)
ppo 340: reward/step +0.039, pg -0.010 v 0.418 ent 0.947 bc 2.681 (x0.00), 3 s | 600 journeys: arrived 92.2 %, fell 0 | clutt 97 doorw 81 stair 99 corne 91 mover 98 low 98 mixed 83
ppo 341: reward/step +0.039, pg -0.010 v 0.436 ent 0.946 bc 2.724 (x0.00), 3 s | 600 journeys: arrived 94.0 %, fell 0 | clutt 94 doorw 86 stair 99 corne 93 mover 100 low 100 mixed 87
ppo 342: reward/step +0.038, pg -0.010 v 0.409 ent 0.930 bc 2.755 (x0.00), 3 s | 600 journeys: arrived 92.0 %, fell 0 | clutt 88 doorw 80 stair 98 corne 94 mover 100 low 100 mixed 84
ppo 343: reward/step +0.042, pg -0.010 v 0.489 ent 0.962 bc 2.690 (x0.00), 3 s | 600 journeys: arrived 92.0 %, fell 0 | clutt 92 doorw 83 stair 98 corne 91 mover 100 low 100 mixed 83
ppo 344: reward/step +0.038, pg -0.010 v 0.534 ent 0.961 bc 2.771 (x0.00), 3 s | 600 journeys: arrived 93.0 %, fell 0 | clutt 98 doorw 85 stair 95 corne 93 mover 100 low 100 mixed 85
ppo 345: reward/step +0.037, pg -0.010 v 0.510 ent 0.935 bc 2.764 (x0.00), 3 s | 600 journeys: arrived 94.0 %, fell 0 | clutt 93 doorw 86 stair 97 corne 96 mover 100 low 100 mixed 87
ppo 346: reward/step +0.038, pg -0.009 v 0.541 ent 0.951 bc 2.765 (x0.00), 3 s | 600 journeys: arrived 91.8 %, fell 0 | clutt 91 doorw 83 stair 99 corne 90 mover 100 low 100 mixed 82
ppo 347: reward/step +0.041, pg -0.009 v 0.482 ent 0.960 bc 2.726 (x0.00), 3 s | 600 journeys: arrived 91.3 %, fell 0 | clutt 90 doorw 86 stair 98 corne 90 mover 100 low 100 mixed 77
ppo 348: reward/step +0.041, pg -0.010 v 0.512 ent 0.957 bc 2.750 (x0.00), 3 s | 600 journeys: arrived 94.0 %, fell 0 | clutt 100 doorw 93 stair 98 corne 93 mover 98 low 100 mixed 79
ppo 349: reward/step +0.042, pg -0.010 v 0.522 ent 0.968 bc 2.792 (x0.00), 3 s | 600 journeys: arrived 92.2 %, fell 0 | clutt 98 doorw 92 stair 94 corne 94 mover 96 low 100 mixed 74
ppo 350: reward/step +0.043, pg -0.010 v 0.470 ent 0.963 bc 2.791 (x0.00), 3 s | 600 journeys: arrived 93.8 %, fell 0 | clutt 93 doorw 95 stair 96 corne 92 mover 98 low 98 mixed 85
ppo 351: reward/step +0.037, pg -0.010 v 0.507 ent 0.955 bc 2.861 (x0.00), 3 s | 600 journeys: arrived 94.3 %, fell 0 | clutt 93 doorw 91 stair 98 corne 91 mover 100 low 100 mixed 89
ppo 352: reward/step +0.035, pg -0.010 v 0.483 ent 0.938 bc 2.802 (x0.00), 3 s | 600 journeys: arrived 92.3 %, fell 0 | clutt 97 doorw 84 stair 96 corne 95 mover 100 low 100 mixed 78
ppo 353: reward/step +0.035, pg -0.010 v 0.511 ent 0.940 bc 2.762 (x0.00), 3 s | 600 journeys: arrived 91.0 %, fell 0 | clutt 94 doorw 79 stair 97 corne 94 mover 100 low 100 mixed 74
ppo 354: reward/step +0.037, pg -0.010 v 0.584 ent 0.949 bc 2.750 (x0.00), 3 s | 600 journeys: arrived 91.7 %, fell 0 | clutt 92 doorw 85 stair 98 corne 92 mover 100 low 99 mixed 76
ppo 355: reward/step +0.034, pg -0.010 v 0.552 ent 0.935 bc 2.819 (x0.00), 3 s | 600 journeys: arrived 92.8 %, fell 0 | clutt 89 doorw 84 stair 99 corne 93 mover 98 low 99 mixed 85
ppo 356: reward/step +0.036, pg -0.010 v 0.507 ent 0.923 bc 2.857 (x0.00), 3 s | 600 journeys: arrived 93.3 %, fell 0 | clutt 96 doorw 81 stair 100 corne 93 mover 98 low 99 mixed 85
ppo 357: reward/step +0.035, pg -0.010 v 0.458 ent 0.924 bc 2.774 (x0.00), 3 s | 600 journeys: arrived 91.8 %, fell 0 | clutt 91 doorw 81 stair 99 corne 93 mover 100 low 98 mixed 83
ppo 358: reward/step +0.035, pg -0.009 v 0.582 ent 0.941 bc 2.814 (x0.00), 3 s | 600 journeys: arrived 91.5 %, fell 0 | clutt 96 doorw 80 stair 96 corne 94 mover 100 low 100 mixed 77
ppo 359: reward/step +0.037, pg -0.009 v 0.611 ent 0.958 bc 2.811 (x0.00), 3 s | 600 journeys: arrived 90.7 %, fell 0 | clutt 97 doorw 81 stair 97 corne 94 mover 100 low 100 mixed 72
bench at 359: arrived 385/420, fell 0, off 0, timeout 29, failed 6, secs 67.9, bumps 1.94
ppo 360: reward/step +0.038, pg -0.010 v 0.599 ent 0.961 bc 2.777 (x0.00), 3 s | 600 journeys: arrived 91.5 %, fell 0 | clutt 92 doorw 80 stair 95 corne 95 mover 100 low 97 mixed 84
ppo 361: reward/step +0.037, pg -0.009 v 0.547 ent 0.947 bc 2.800 (x0.00), 3 s | 600 journeys: arrived 90.3 %, fell 0 | clutt 86 doorw 84 stair 91 corne 91 mover 100 low 99 mixed 85
ppo 362: reward/step +0.036, pg -0.009 v 0.569 ent 0.962 bc 2.811 (x0.00), 3 s | 600 journeys: arrived 91.2 %, fell 0 | clutt 89 doorw 92 stair 92 corne 88 mover 100 low 99 mixed 82
ppo 363: reward/step +0.038, pg -0.009 v 0.576 ent 0.955 bc 2.851 (x0.00), 3 s | 600 journeys: arrived 93.5 %, fell 0 | clutt 91 doorw 92 stair 99 corne 91 mover 100 low 100 mixed 81
ppo 364: reward/step +0.038, pg -0.009 v 0.535 ent 0.958 bc 2.858 (x0.00), 3 s | 600 journeys: arrived 92.7 %, fell 2 | clutt 87 doorw 84 stair 98 corne 94 mover 100 low 100 mixed 82
ppo 365: reward/step +0.041, pg -0.009 v 0.498 ent 0.958 bc 2.801 (x0.00), 3 s | 600 journeys: arrived 92.7 %, fell 1 | clutt 91 doorw 87 stair 96 corne 94 mover 98 low 98 mixed 82
ppo 366: reward/step +0.042, pg -0.010 v 0.440 ent 0.940 bc 2.794 (x0.00), 3 s | 600 journeys: arrived 94.7 %, fell 0 | clutt 94 doorw 89 stair 98 corne 95 mover 100 low 100 mixed 90
ppo 367: reward/step +0.040, pg -0.009 v 0.494 ent 0.937 bc 2.908 (x0.00), 3 s | 600 journeys: arrived 94.2 %, fell 0 | clutt 95 doorw 90 stair 97 corne 96 mover 100 low 100 mixed 83
ppo 368: reward/step +0.038, pg -0.009 v 0.465 ent 0.928 bc 2.855 (x0.00), 3 s | 600 journeys: arrived 93.5 %, fell 0 | clutt 99 doorw 82 stair 95 corne 95 mover 100 low 100 mixed 84
ppo 369: reward/step +0.039, pg -0.009 v 0.484 ent 0.928 bc 2.969 (x0.00), 3 s | 600 journeys: arrived 93.2 %, fell 0 | clutt 97 doorw 85 stair 98 corne 94 mover 100 low 100 mixed 81
ppo 370: reward/step +0.037, pg -0.009 v 0.512 ent 0.935 bc 2.865 (x0.00), 3 s | 600 journeys: arrived 92.2 %, fell 0 | clutt 95 doorw 83 stair 98 corne 95 mover 100 low 100 mixed 80
ppo 371: reward/step +0.036, pg -0.010 v 0.498 ent 0.941 bc 2.823 (x0.00), 3 s | 600 journeys: arrived 91.3 %, fell 0 | clutt 91 doorw 84 stair 95 corne 92 mover 100 low 98 mixed 78
ppo 372: reward/step +0.038, pg -0.009 v 0.461 ent 0.922 bc 2.862 (x0.00), 3 s | 600 journeys: arrived 91.3 %, fell 0 | clutt 89 doorw 87 stair 96 corne 94 mover 100 low 98 mixed 75
ppo 373: reward/step +0.038, pg -0.009 v 0.503 ent 0.931 bc 2.910 (x0.00), 3 s | 600 journeys: arrived 93.0 %, fell 0 | clutt 88 doorw 87 stair 98 corne 97 mover 100 low 100 mixed 81
ppo 374: reward/step +0.041, pg -0.009 v 0.449 ent 0.934 bc 2.821 (x0.00), 3 s | 600 journeys: arrived 94.2 %, fell 0 | clutt 96 doorw 91 stair 99 corne 96 mover 100 low 100 mixed 79
ppo 375: reward/step +0.044, pg -0.009 v 0.389 ent 0.936 bc 2.892 (x0.00), 3 s | 600 journeys: arrived 94.3 %, fell 0 | clutt 99 doorw 87 stair 100 corne 96 mover 100 low 100 mixed 78
ppo 376: reward/step +0.041, pg -0.010 v 0.430 ent 0.944 bc 2.772 (x0.00), 3 s | 600 journeys: arrived 93.0 %, fell 0 | clutt 93 doorw 86 stair 98 corne 94 mover 100 low 100 mixed 78
ppo 377: reward/step +0.041, pg -0.009 v 0.427 ent 0.938 bc 2.861 (x0.00), 3 s | 600 journeys: arrived 94.2 %, fell 0 | clutt 100 doorw 87 stair 99 corne 93 mover 100 low 100 mixed 84
ppo 378: reward/step +0.038, pg -0.009 v 0.545 ent 0.924 bc 2.911 (x0.00), 3 s | 600 journeys: arrived 92.8 %, fell 0 | clutt 96 doorw 81 stair 100 corne 91 mover 100 low 98 mixed 87
ppo 379: reward/step +0.040, pg -0.009 v 0.481 ent 0.927 bc 2.815 (x0.00), 3 s | 600 journeys: arrived 92.5 %, fell 0 | clutt 97 doorw 77 stair 99 corne 93 mover 100 low 100 mixed 80
bench at 379: arrived 388/420, fell 0, off 0, timeout 30, failed 2, secs 68.1, bumps 1.27
ppo 380: reward/step +0.039, pg -0.009 v 0.451 ent 0.932 bc 2.893 (x0.00), 3 s | 600 journeys: arrived 94.7 %, fell 0 | clutt 98 doorw 88 stair 98 corne 97 mover 100 low 100 mixed 80
ppo 381: reward/step +0.034, pg -0.009 v 0.552 ent 0.930 bc 2.957 (x0.00), 3 s | 600 journeys: arrived 93.8 %, fell 0 | clutt 92 doorw 84 stair 99 corne 96 mover 100 low 100 mixed 85
ppo 382: reward/step +0.039, pg -0.009 v 0.594 ent 0.934 bc 2.949 (x0.00), 3 s | 600 journeys: arrived 92.7 %, fell 0 | clutt 90 doorw 83 stair 97 corne 93 mover 100 low 100 mixed 86
ppo 383: reward/step +0.040, pg -0.009 v 0.557 ent 0.937 bc 2.885 (x0.00), 3 s | 600 journeys: arrived 93.0 %, fell 0 | clutt 89 doorw 88 stair 97 corne 94 mover 100 low 99 mixed 81
ppo 384: reward/step +0.043, pg -0.009 v 0.508 ent 0.938 bc 2.867 (x0.00), 3 s | 600 journeys: arrived 94.8 %, fell 0 | clutt 94 doorw 96 stair 98 corne 91 mover 100 low 100 mixed 87
ppo 385: reward/step +0.040, pg -0.009 v 0.558 ent 0.938 bc 2.882 (x0.00), 3 s | 600 journeys: arrived 92.0 %, fell 0 | clutt 93 doorw 91 stair 95 corne 90 mover 98 low 98 mixed 83
ppo 386: reward/step +0.038, pg -0.009 v 0.475 ent 0.925 bc 2.866 (x0.00), 3 s | 600 journeys: arrived 92.8 %, fell 0 | clutt 95 doorw 84 stair 96 corne 93 mover 98 low 100 mixed 85
ppo 387: reward/step +0.036, pg -0.009 v 0.453 ent 0.916 bc 2.865 (x0.00), 3 s | 600 journeys: arrived 93.2 %, fell 0 | clutt 89 doorw 84 stair 99 corne 94 mover 100 low 100 mixed 85
ppo 388: reward/step +0.038, pg -0.009 v 0.475 ent 0.917 bc 3.005 (x0.00), 3 s | 600 journeys: arrived 93.2 %, fell 0 | clutt 95 doorw 83 stair 99 corne 94 mover 100 low 97 mixed 85
ppo 389: reward/step +0.035, pg -0.009 v 0.591 ent 0.915 bc 2.885 (x0.00), 3 s | 600 journeys: arrived 92.2 %, fell 0 | clutt 92 doorw 83 stair 99 corne 92 mover 100 low 99 mixed 81
ppo 390: reward/step +0.039, pg -0.009 v 0.492 ent 0.925 bc 2.923 (x0.00), 3 s | 600 journeys: arrived 91.2 %, fell 0 | clutt 89 doorw 82 stair 98 corne 94 mover 100 low 100 mixed 75
ppo 391: reward/step +0.045, pg -0.009 v 0.409 ent 0.934 bc 2.884 (x0.00), 3 s | 600 journeys: arrived 94.7 %, fell 0 | clutt 93 doorw 89 stair 99 corne 98 mover 100 low 100 mixed 82
ppo 392: reward/step +0.045, pg -0.009 v 0.425 ent 0.932 bc 2.855 (x0.00), 3 s | 600 journeys: arrived 95.8 %, fell 0 | clutt 97 doorw 89 stair 98 corne 99 mover 100 low 100 mixed 88
ppo 393: reward/step +0.044, pg -0.009 v 0.461 ent 0.927 bc 2.884 (x0.00), 3 s | 600 journeys: arrived 95.0 %, fell 0 | clutt 95 doorw 88 stair 98 corne 96 mover 100 low 100 mixed 90
ppo 394: reward/step +0.040, pg -0.009 v 0.435 ent 0.924 bc 2.841 (x0.00), 3 s | 600 journeys: arrived 94.0 %, fell 0 | clutt 92 doorw 90 stair 98 corne 95 mover 100 low 100 mixed 84
ppo 395: reward/step +0.037, pg -0.009 v 0.468 ent 0.929 bc 2.904 (x0.00), 2 s | 600 journeys: arrived 92.3 %, fell 0 | clutt 95 doorw 90 stair 97 corne 93 mover 100 low 99 mixed 75
ppo 396: reward/step +0.039, pg -0.008 v 0.439 ent 0.924 bc 2.884 (x0.00), 2 s | 600 journeys: arrived 91.7 %, fell 0 | clutt 95 doorw 85 stair 98 corne 95 mover 100 low 98 mixed 73
ppo 397: reward/step +0.040, pg -0.008 v 0.441 ent 0.916 bc 2.924 (x0.00), 2 s | 600 journeys: arrived 93.5 %, fell 0 | clutt 98 doorw 87 stair 99 corne 93 mover 100 low 100 mixed 78
ppo 398: reward/step +0.039, pg -0.009 v 0.425 ent 0.901 bc 2.936 (x0.00), 2 s | 600 journeys: arrived 92.5 %, fell 0 | clutt 96 doorw 81 stair 99 corne 94 mover 100 low 100 mixed 74
ppo 399: reward/step +0.037, pg -0.009 v 0.471 ent 0.913 bc 2.925 (x0.00), 3 s | 600 journeys: arrived 92.3 %, fell 0 | clutt 92 doorw 85 stair 100 corne 94 mover 99 low 98 mixed 76
bench at 399: arrived 390/420, fell 0, off 0, timeout 28, failed 2, secs 68.4, bumps 1.66
ppo 400: reward/step +0.040, pg -0.008 v 0.467 ent 0.910 bc 2.960 (x0.00), 3 s | 600 journeys: arrived 93.7 %, fell 0 | clutt 91 doorw 91 stair 100 corne 95 mover 99 low 98 mixed 82
ppo 401: reward/step +0.042, pg -0.009 v 0.449 ent 0.923 bc 2.908 (x0.00), 2 s | 600 journeys: arrived 95.0 %, fell 0 | clutt 96 doorw 92 stair 98 corne 97 mover 100 low 100 mixed 83
ppo 402: reward/step +0.042, pg -0.008 v 0.440 ent 0.924 bc 2.817 (x0.00), 2 s | 600 journeys: arrived 93.8 %, fell 0 | clutt 94 doorw 88 stair 98 corne 96 mover 100 low 100 mixed 82
ppo 403: reward/step +0.041, pg -0.008 v 0.467 ent 0.916 bc 2.883 (x0.00), 2 s | 600 journeys: arrived 93.2 %, fell 0 | clutt 90 doorw 86 stair 98 corne 96 mover 100 low 99 mixed 84
ppo 404: reward/step +0.038, pg -0.009 v 0.492 ent 0.905 bc 2.954 (x0.00), 2 s | 600 journeys: arrived 94.5 %, fell 0 | clutt 90 doorw 89 stair 97 corne 98 mover 100 low 99 mixed 87
ppo 405: reward/step +0.042, pg -0.008 v 0.457 ent 0.902 bc 2.933 (x0.00), 2 s | 600 journeys: arrived 93.7 %, fell 0 | clutt 97 doorw 84 stair 95 corne 97 mover 100 low 98 mixed 85
ppo 406: reward/step +0.040, pg -0.009 v 0.490 ent 0.913 bc 2.903 (x0.00), 3 s | 600 journeys: arrived 94.3 %, fell 0 | clutt 97 doorw 90 stair 96 corne 95 mover 100 low 98 mixed 86
ppo 407: reward/step +0.036, pg -0.008 v 0.470 ent 0.898 bc 2.968 (x0.00), 4 s | 600 journeys: arrived 93.5 %, fell 0 | clutt 97 doorw 91 stair 98 corne 90 mover 100 low 100 mixed 84
ppo 408: reward/step +0.039, pg -0.008 v 0.524 ent 0.903 bc 2.940 (x0.00), 3 s | 600 journeys: arrived 93.7 %, fell 0 | clutt 97 doorw 86 stair 100 corne 92 mover 100 low 100 mixed 84
ppo 409: reward/step +0.041, pg -0.008 v 0.474 ent 0.914 bc 2.906 (x0.00), 2 s | 600 journeys: arrived 94.3 %, fell 0 | clutt 99 doorw 86 stair 99 corne 94 mover 100 low 100 mixed 85
ppo 410: reward/step +0.042, pg -0.008 v 0.481 ent 0.915 bc 2.901 (x0.00), 2 s | 600 journeys: arrived 93.5 %, fell 0 | clutt 95 doorw 85 stair 99 corne 95 mover 100 low 100 mixed 82
ppo 411: reward/step +0.037, pg -0.008 v 0.534 ent 0.907 bc 2.955 (x0.00), 3 s | 600 journeys: arrived 93.7 %, fell 0 | clutt 92 doorw 86 stair 97 corne 95 mover 100 low 100 mixed 86
ppo 412: reward/step +0.038, pg -0.007 v 0.543 ent 0.894 bc 3.042 (x0.00), 3 s | 600 journeys: arrived 95.0 %, fell 0 | clutt 88 doorw 93 stair 96 corne 96 mover 100 low 100 mixed 91
ppo 413: reward/step +0.036, pg -0.007 v 0.537 ent 0.905 bc 2.971 (x0.00), 3 s | 600 journeys: arrived 92.5 %, fell 0 | clutt 90 doorw 86 stair 98 corne 92 mover 100 low 100 mixed 84
ppo 414: reward/step +0.037, pg -0.008 v 0.505 ent 0.901 bc 2.982 (x0.00), 3 s | 600 journeys: arrived 92.0 %, fell 0 | clutt 98 doorw 79 stair 97 corne 91 mover 100 low 100 mixed 85
ppo 415: reward/step +0.037, pg -0.008 v 0.552 ent 0.904 bc 2.937 (x0.00), 3 s | 600 journeys: arrived 92.0 %, fell 0 | clutt 97 doorw 82 stair 95 corne 94 mover 100 low 100 mixed 82
ppo 416: reward/step +0.041, pg -0.008 v 0.524 ent 0.900 bc 2.916 (x0.00), 3 s | 600 journeys: arrived 92.3 %, fell 0 | clutt 84 doorw 85 stair 94 corne 95 mover 100 low 100 mixed 86
ppo 417: reward/step +0.040, pg -0.007 v 0.474 ent 0.903 bc 3.018 (x0.00), 3 s | 600 journeys: arrived 92.8 %, fell 0 | clutt 90 doorw 86 stair 97 corne 95 mover 100 low 100 mixed 82
ppo 418: reward/step +0.041, pg -0.008 v 0.500 ent 0.906 bc 3.079 (x0.00), 3 s | 600 journeys: arrived 93.5 %, fell 0 | clutt 94 doorw 84 stair 97 corne 97 mover 100 low 97 mixed 84
ppo 419: reward/step +0.046, pg -0.008 v 0.430 ent 0.925 bc 2.912 (x0.00), 3 s | 600 journeys: arrived 93.5 %, fell 0 | clutt 93 doorw 89 stair 96 corne 95 mover 98 low 99 mixed 86
bench at 419: arrived 390/420, fell 0, off 0, timeout 28, failed 2, secs 68.2, bumps 0.94
ppo 420: reward/step +0.044, pg -0.008 v 0.468 ent 0.911 bc 2.938 (x0.00), 3 s | 600 journeys: arrived 94.7 %, fell 0 | clutt 94 doorw 90 stair 98 corne 94 mover 100 low 100 mixed 87
ppo 421: reward/step +0.044, pg -0.008 v 0.522 ent 0.917 bc 2.982 (x0.00), 3 s | 600 journeys: arrived 93.7 %, fell 0 | clutt 94 doorw 88 stair 97 corne 93 mover 99 low 100 mixed 84
ppo 422: reward/step +0.046, pg -0.007 v 0.425 ent 0.913 bc 3.007 (x0.00), 3 s | 600 journeys: arrived 93.0 %, fell 0 | clutt 95 doorw 90 stair 94 corne 95 mover 97 low 100 mixed 79
ppo 423: reward/step +0.035, pg -0.008 v 0.485 ent 0.910 bc 3.020 (x0.00), 3 s | 600 journeys: arrived 94.0 %, fell 0 | clutt 93 doorw 87 stair 94 corne 97 mover 100 low 100 mixed 86
ppo 424: reward/step +0.037, pg -0.008 v 0.505 ent 0.903 bc 3.075 (x0.00), 3 s | 600 journeys: arrived 92.8 %, fell 0 | clutt 90 doorw 81 stair 95 corne 98 mover 100 low 96 mixed 86
ppo 425: reward/step +0.039, pg -0.008 v 0.493 ent 0.907 bc 3.071 (x0.00), 3 s | 600 journeys: arrived 92.7 %, fell 0 | clutt 98 doorw 83 stair 98 corne 92 mover 98 low 95 mixed 85
ppo 426: reward/step +0.040, pg -0.008 v 0.484 ent 0.902 bc 3.088 (x0.00), 3 s | 600 journeys: arrived 93.0 %, fell 0 | clutt 98 doorw 87 stair 97 corne 93 mover 98 low 100 mixed 82
ppo 427: reward/step +0.037, pg -0.007 v 0.585 ent 0.886 bc 3.107 (x0.00), 3 s | 600 journeys: arrived 92.3 %, fell 0 | clutt 94 doorw 88 stair 97 corne 90 mover 99 low 100 mixed 81
ppo 428: reward/step +0.040, pg -0.008 v 0.525 ent 0.873 bc 3.070 (x0.00), 3 s | 600 journeys: arrived 92.5 %, fell 0 | clutt 96 doorw 87 stair 98 corne 93 mover 100 low 100 mixed 74
ppo 429: reward/step +0.041, pg -0.008 v 0.471 ent 0.889 bc 3.051 (x0.00), 3 s | 600 journeys: arrived 93.0 %, fell 0 | clutt 93 doorw 88 stair 98 corne 97 mover 100 low 100 mixed 72
ppo 430: reward/step +0.035, pg -0.007 v 0.527 ent 0.876 bc 3.092 (x0.00), 3 s | 600 journeys: arrived 94.5 %, fell 0 | clutt 91 doorw 96 stair 98 corne 98 mover 100 low 100 mixed 78
ppo 431: reward/step +0.037, pg -0.007 v 0.470 ent 0.884 bc 3.043 (x0.00), 3 s | 600 journeys: arrived 92.5 %, fell 0 | clutt 91 doorw 91 stair 97 corne 96 mover 100 low 100 mixed 77
ppo 432: reward/step +0.041, pg -0.007 v 0.431 ent 0.893 bc 3.084 (x0.00), 3 s | 600 journeys: arrived 93.0 %, fell 0 | clutt 90 doorw 88 stair 98 corne 95 mover 100 low 100 mixed 81
ppo 433: reward/step +0.042, pg -0.008 v 0.480 ent 0.892 bc 3.075 (x0.00), 3 s | 600 journeys: arrived 92.2 %, fell 0 | clutt 91 doorw 88 stair 98 corne 92 mover 100 low 100 mixed 73
ppo 434: reward/step +0.042, pg -0.008 v 0.445 ent 0.904 bc 3.088 (x0.00), 3 s | 600 journeys: arrived 94.2 %, fell 0 | clutt 95 doorw 89 stair 98 corne 95 mover 100 low 97 mixed 81
ppo 435: reward/step +0.044, pg -0.007 v 0.447 ent 0.898 bc 3.013 (x0.00), 3 s | 600 journeys: arrived 94.2 %, fell 0 | clutt 93 doorw 90 stair 97 corne 95 mover 100 low 98 mixed 87
ppo 436: reward/step +0.043, pg -0.007 v 0.408 ent 0.892 bc 3.111 (x0.00), 3 s | 600 journeys: arrived 94.7 %, fell 0 | clutt 92 doorw 93 stair 99 corne 94 mover 100 low 100 mixed 83
ppo 437: reward/step +0.040, pg -0.007 v 0.440 ent 0.885 bc 3.101 (x0.00), 3 s | 600 journeys: arrived 94.0 %, fell 0 | clutt 97 doorw 88 stair 98 corne 94 mover 100 low 100 mixed 81
ppo 438: reward/step +0.040, pg -0.008 v 0.473 ent 0.899 bc 3.037 (x0.00), 3 s | 600 journeys: arrived 93.5 %, fell 0 | clutt 94 doorw 86 stair 98 corne 96 mover 98 low 100 mixed 79
ppo 439: reward/step +0.040, pg -0.007 v 0.471 ent 0.889 bc 3.041 (x0.00), 3 s | 600 journeys: arrived 94.3 %, fell 0 | clutt 94 doorw 89 stair 98 corne 95 mover 98 low 100 mixed 86
bench at 439: arrived 394/420, fell 0, off 0, timeout 22, failed 4, secs 67.6, bumps 1.17
  best so far (update 439)
ppo 440: reward/step +0.036, pg -0.007 v 0.458 ent 0.886 bc 3.143 (x0.00), 3 s | 600 journeys: arrived 93.7 %, fell 0 | clutt 97 doorw 82 stair 99 corne 97 mover 100 low 100 mixed 84
ppo 441: reward/step +0.040, pg -0.007 v 0.444 ent 0.897 bc 3.141 (x0.00), 3 s | 600 journeys: arrived 91.5 %, fell 0 | clutt 97 doorw 84 stair 99 corne 94 mover 100 low 99 mixed 76
ppo 442: reward/step +0.037, pg -0.007 v 0.444 ent 0.883 bc 3.106 (x0.00), 3 s | 600 journeys: arrived 93.0 %, fell 0 | clutt 95 doorw 88 stair 98 corne 93 mover 100 low 98 mixed 80
ppo 443: reward/step +0.036, pg -0.007 v 0.570 ent 0.901 bc 3.121 (x0.00), 3 s | 600 journeys: arrived 93.2 %, fell 0 | clutt 92 doorw 86 stair 98 corne 94 mover 100 low 98 mixed 82
ppo 444: reward/step +0.035, pg -0.007 v 0.537 ent 0.893 bc 3.164 (x0.00), 3 s | 600 journeys: arrived 93.5 %, fell 0 | clutt 96 doorw 82 stair 98 corne 92 mover 100 low 100 mixed 87
ppo 445: reward/step +0.036, pg -0.007 v 0.565 ent 0.900 bc 3.079 (x0.00), 3 s | 600 journeys: arrived 91.8 %, fell 0 | clutt 90 doorw 85 stair 97 corne 93 mover 100 low 100 mixed 82
ppo 446: reward/step +0.040, pg -0.007 v 0.483 ent 0.892 bc 3.207 (x0.00), 3 s | 600 journeys: arrived 92.7 %, fell 0 | clutt 90 doorw 84 stair 98 corne 96 mover 100 low 100 mixed 84
ppo 447: reward/step +0.041, pg -0.007 v 0.468 ent 0.888 bc 3.201 (x0.00), 3 s | 600 journeys: arrived 92.5 %, fell 0 | clutt 91 doorw 86 stair 98 corne 93 mover 100 low 100 mixed 80
ppo 448: reward/step +0.038, pg -0.007 v 0.564 ent 0.897 bc 3.104 (x0.00), 3 s | 600 journeys: arrived 93.0 %, fell 0 | clutt 94 doorw 89 stair 97 corne 93 mover 100 low 100 mixed 80
ppo 449: reward/step +0.041, pg -0.007 v 0.586 ent 0.910 bc 3.139 (x0.00), 3 s | 600 journeys: arrived 91.5 %, fell 0 | clutt 89 doorw 81 stair 98 corne 93 mover 100 low 98 mixed 81
ppo 450: reward/step +0.040, pg -0.007 v 0.558 ent 0.908 bc 3.129 (x0.00), 3 s | 600 journeys: arrived 93.8 %, fell 0 | clutt 96 doorw 87 stair 97 corne 94 mover 100 low 99 mixed 85
ppo 451: reward/step +0.041, pg -0.007 v 0.553 ent 0.905 bc 3.111 (x0.00), 3 s | 600 journeys: arrived 93.0 %, fell 0 | clutt 97 doorw 85 stair 98 corne 94 mover 100 low 100 mixed 79
ppo 452: reward/step +0.043, pg -0.007 v 0.590 ent 0.907 bc 3.155 (x0.00), 3 s | 600 journeys: arrived 94.3 %, fell 0 | clutt 98 doorw 88 stair 99 corne 94 mover 100 low 100 mixed 85
ppo 453: reward/step +0.041, pg -0.007 v 0.616 ent 0.912 bc 3.138 (x0.00), 3 s | 600 journeys: arrived 93.5 %, fell 0 | clutt 95 doorw 82 stair 98 corne 95 mover 100 low 100 mixed 86
ppo 454: reward/step +0.042, pg -0.007 v 0.541 ent 0.903 bc 3.080 (x0.00), 3 s | 600 journeys: arrived 94.3 %, fell 0 | clutt 93 doorw 89 stair 98 corne 94 mover 100 low 100 mixed 89
ppo 455: reward/step +0.039, pg -0.007 v 0.529 ent 0.905 bc 3.123 (x0.00), 3 s | 600 journeys: arrived 94.8 %, fell 0 | clutt 95 doorw 91 stair 97 corne 94 mover 100 low 100 mixed 91
ppo 456: reward/step +0.040, pg -0.007 v 0.502 ent 0.896 bc 3.143 (x0.00), 3 s | 600 journeys: arrived 93.3 %, fell 0 | clutt 94 doorw 82 stair 98 corne 95 mover 100 low 100 mixed 90
ppo 457: reward/step +0.041, pg -0.007 v 0.471 ent 0.906 bc 3.079 (x0.00), 3 s | 600 journeys: arrived 93.2 %, fell 0 | clutt 96 doorw 86 stair 98 corne 94 mover 100 low 100 mixed 83
ppo 458: reward/step +0.043, pg -0.007 v 0.498 ent 0.911 bc 3.147 (x0.00), 3 s | 600 journeys: arrived 94.0 %, fell 0 | clutt 98 doorw 87 stair 98 corne 95 mover 100 low 100 mixed 82
ppo 459: reward/step +0.040, pg -0.007 v 0.577 ent 0.898 bc 3.152 (x0.00), 3 s | 600 journeys: arrived 93.5 %, fell 0 | clutt 95 doorw 88 stair 96 corne 94 mover 98 low 100 mixed 86
bench at 459: arrived 398/420, fell 0, off 0, timeout 17, failed 5, secs 69.1, bumps 1.09
  best so far (update 459)
ppo 460: reward/step +0.041, pg -0.006 v 0.569 ent 0.901 bc 3.182 (x0.00), 3 s | 600 journeys: arrived 92.7 %, fell 0 | clutt 91 doorw 87 stair 97 corne 90 mover 100 low 100 mixed 87
ppo 461: reward/step +0.040, pg -0.007 v 0.527 ent 0.899 bc 3.114 (x0.00), 3 s | 600 journeys: arrived 93.0 %, fell 0 | clutt 98 doorw 90 stair 98 corne 91 mover 98 low 100 mixed 79
ppo 462: reward/step +0.044, pg -0.006 v 0.573 ent 0.904 bc 3.018 (x0.00), 3 s | 600 journeys: arrived 93.0 %, fell 0 | clutt 94 doorw 90 stair 96 corne 94 mover 98 low 100 mixed 80
ppo 463: reward/step +0.042, pg -0.006 v 0.509 ent 0.906 bc 3.071 (x0.00), 3 s | 600 journeys: arrived 93.5 %, fell 0 | clutt 96 doorw 91 stair 97 corne 93 mover 100 low 100 mixed 83
ppo 464: reward/step +0.045, pg -0.006 v 0.542 ent 0.914 bc 3.072 (x0.00), 3 s | 600 journeys: arrived 93.5 %, fell 0 | clutt 90 doorw 90 stair 99 corne 93 mover 100 low 100 mixed 83
ppo 465: reward/step +0.043, pg -0.006 v 0.491 ent 0.911 bc 3.010 (x0.00), 3 s | 600 journeys: arrived 93.5 %, fell 0 | clutt 94 doorw 87 stair 95 corne 94 mover 98 low 100 mixed 87
ppo 466: reward/step +0.046, pg -0.007 v 0.489 ent 0.907 bc 3.068 (x0.00), 3 s | 600 journeys: arrived 93.7 %, fell 0 | clutt 94 doorw 90 stair 95 corne 92 mover 100 low 100 mixed 85
ppo 467: reward/step +0.042, pg -0.007 v 0.500 ent 0.907 bc 3.050 (x0.00), 3 s | 600 journeys: arrived 94.0 %, fell 0 | clutt 95 doorw 92 stair 95 corne 94 mover 100 low 100 mixed 84
ppo 468: reward/step +0.044, pg -0.006 v 0.499 ent 0.916 bc 3.042 (x0.00), 3 s | 600 journeys: arrived 96.0 %, fell 0 | clutt 100 doorw 90 stair 97 corne 97 mover 100 low 100 mixed 89
ppo 469: reward/step +0.039, pg -0.006 v 0.497 ent 0.903 bc 3.092 (x0.00), 3 s | 600 journeys: arrived 92.7 %, fell 0 | clutt 93 doorw 84 stair 96 corne 97 mover 100 low 100 mixed 80
ppo 470: reward/step +0.039, pg -0.006 v 0.494 ent 0.904 bc 3.138 (x0.00), 3 s | 600 journeys: arrived 92.5 %, fell 0 | clutt 93 doorw 86 stair 95 corne 92 mover 100 low 100 mixed 85
ppo 471: reward/step +0.041, pg -0.006 v 0.454 ent 0.896 bc 3.187 (x0.00), 3 s | 600 journeys: arrived 94.0 %, fell 0 | clutt 91 doorw 82 stair 97 corne 97 mover 100 low 100 mixed 89
ppo 472: reward/step +0.039, pg -0.007 v 0.487 ent 0.904 bc 3.137 (x0.00), 3 s | 600 journeys: arrived 92.3 %, fell 0 | clutt 91 doorw 83 stair 98 corne 94 mover 100 low 100 mixed 81
ppo 473: reward/step +0.042, pg -0.006 v 0.446 ent 0.895 bc 3.134 (x0.00), 3 s | 600 journeys: arrived 91.7 %, fell 0 | clutt 88 doorw 86 stair 96 corne 93 mover 100 low 99 mixed 79
ppo 474: reward/step +0.040, pg -0.006 v 0.518 ent 0.904 bc 3.210 (x0.00), 3 s | 600 journeys: arrived 93.8 %, fell 0 | clutt 91 doorw 90 stair 96 corne 96 mover 100 low 100 mixed 86
ppo 475: reward/step +0.040, pg -0.006 v 0.537 ent 0.905 bc 3.078 (x0.00), 3 s | 600 journeys: arrived 92.8 %, fell 0 | clutt 94 doorw 83 stair 99 corne 94 mover 100 low 100 mixed 80
ppo 476: reward/step +0.040, pg -0.006 v 0.557 ent 0.907 bc 3.099 (x0.00), 3 s | 600 journeys: arrived 92.7 %, fell 0 | clutt 95 doorw 84 stair 98 corne 92 mover 100 low 100 mixed 81
ppo 477: reward/step +0.040, pg -0.006 v 0.494 ent 0.899 bc 3.160 (x0.00), 3 s | 600 journeys: arrived 93.3 %, fell 0 | clutt 95 doorw 85 stair 97 corne 92 mover 100 low 100 mixed 88
ppo 478: reward/step +0.044, pg -0.006 v 0.499 ent 0.894 bc 3.098 (x0.00), 3 s | 600 journeys: arrived 93.5 %, fell 0 | clutt 93 doorw 88 stair 97 corne 95 mover 100 low 98 mixed 86
ppo 479: reward/step +0.040, pg -0.006 v 0.478 ent 0.904 bc 3.204 (x0.00), 3 s | 600 journeys: arrived 93.7 %, fell 0 | clutt 94 doorw 91 stair 94 corne 94 mover 100 low 98 mixed 88
bench at 479: arrived 394/420, fell 0, off 0, timeout 23, failed 3, secs 68.3, bumps 1.52
ppo 480: reward/step +0.041, pg -0.006 v 0.524 ent 0.903 bc 3.174 (x0.00), 3 s | 600 journeys: arrived 93.8 %, fell 0 | clutt 96 doorw 83 stair 97 corne 95 mover 100 low 100 mixed 89
ppo 481: reward/step +0.042, pg -0.006 v 0.583 ent 0.912 bc 3.103 (x0.00), 3 s | 600 journeys: arrived 94.3 %, fell 0 | clutt 95 doorw 89 stair 95 corne 96 mover 100 low 100 mixed 87
ppo 482: reward/step +0.045, pg -0.006 v 0.441 ent 0.903 bc 3.098 (x0.00), 3 s | 600 journeys: arrived 93.5 %, fell 0 | clutt 90 doorw 88 stair 95 corne 96 mover 100 low 100 mixed 89
ppo 483: reward/step +0.045, pg -0.005 v 0.474 ent 0.900 bc 3.143 (x0.00), 3 s | 600 journeys: arrived 93.5 %, fell 0 | clutt 91 doorw 88 stair 98 corne 92 mover 100 low 100 mixed 89
ppo 484: reward/step +0.043, pg -0.006 v 0.420 ent 0.880 bc 3.095 (x0.00), 3 s | 600 journeys: arrived 93.2 %, fell 0 | clutt 93 doorw 88 stair 98 corne 89 mover 100 low 100 mixed 88
ppo 485: reward/step +0.037, pg -0.005 v 0.537 ent 0.886 bc 3.279 (x0.00), 3 s | 600 journeys: arrived 93.7 %, fell 0 | clutt 90 doorw 91 stair 99 corne 94 mover 100 low 98 mixed 83
ppo 486: reward/step +0.036, pg -0.005 v 0.537 ent 0.884 bc 3.178 (x0.00), 3 s | 600 journeys: arrived 91.8 %, fell 0 | clutt 89 doorw 87 stair 99 corne 93 mover 100 low 99 mixed 74
ppo 487: reward/step +0.041, pg -0.006 v 0.556 ent 0.903 bc 3.131 (x0.00), 3 s | 600 journeys: arrived 92.2 %, fell 0 | clutt 91 doorw 89 stair 97 corne 98 mover 100 low 100 mixed 68
ppo 488: reward/step +0.042, pg -0.005 v 0.623 ent 0.910 bc 3.215 (x0.00), 3 s | 600 journeys: arrived 92.8 %, fell 0 | clutt 95 doorw 85 stair 98 corne 94 mover 100 low 98 mixed 80
ppo 489: reward/step +0.043, pg -0.006 v 0.569 ent 0.909 bc 3.234 (x0.00), 3 s | 600 journeys: arrived 94.7 %, fell 0 | clutt 98 doorw 84 stair 96 corne 95 mover 100 low 98 mixed 95
ppo 490: reward/step +0.035, pg -0.006 v 0.588 ent 0.896 bc 3.201 (x0.00), 3 s | 600 journeys: arrived 94.5 %, fell 0 | clutt 98 doorw 92 stair 96 corne 93 mover 100 low 100 mixed 84
ppo 491: reward/step +0.040, pg -0.005 v 0.551 ent 0.890 bc 3.165 (x0.00), 3 s | 600 journeys: arrived 91.7 %, fell 0 | clutt 86 doorw 88 stair 97 corne 92 mover 99 low 98 mixed 82
ppo 492: reward/step +0.039, pg -0.005 v 0.550 ent 0.886 bc 3.237 (x0.00), 3 s | 600 journeys: arrived 93.2 %, fell 0 | clutt 92 doorw 90 stair 98 corne 96 mover 98 low 99 mixed 78
ppo 493: reward/step +0.040, pg -0.005 v 0.495 ent 0.885 bc 3.165 (x0.00), 3 s | 600 journeys: arrived 92.8 %, fell 0 | clutt 98 doorw 85 stair 98 corne 97 mover 98 low 100 mixed 77
ppo 494: reward/step +0.040, pg -0.005 v 0.559 ent 0.896 bc 3.053 (x0.00), 3 s | 600 journeys: arrived 92.3 %, fell 0 | clutt 93 doorw 89 stair 94 corne 94 mover 100 low 98 mixed 81
ppo 495: reward/step +0.040, pg -0.005 v 0.593 ent 0.900 bc 3.124 (x0.00), 3 s | 600 journeys: arrived 91.7 %, fell 0 | clutt 91 doorw 89 stair 97 corne 94 mover 98 low 100 mixed 77
ppo 496: reward/step +0.043, pg -0.005 v 0.594 ent 0.918 bc 3.146 (x0.00), 3 s | 600 journeys: arrived 92.7 %, fell 0 | clutt 90 doorw 91 stair 97 corne 95 mover 98 low 97 mixed 79
ppo 497: reward/step +0.042, pg -0.005 v 0.544 ent 0.915 bc 3.160 (x0.00), 3 s | 600 journeys: arrived 94.5 %, fell 0 | clutt 100 doorw 89 stair 96 corne 96 mover 100 low 98 mixed 85
ppo 498: reward/step +0.042, pg -0.005 v 0.524 ent 0.900 bc 3.138 (x0.00), 3 s | 600 journeys: arrived 95.0 %, fell 0 | clutt 100 doorw 87 stair 98 corne 95 mover 100 low 100 mixed 85
ppo 499: reward/step +0.041, pg -0.005 v 0.514 ent 0.896 bc 3.203 (x0.00), 3 s | 600 journeys: arrived 94.5 %, fell 0 | clutt 99 doorw 87 stair 98 corne 96 mover 98 low 100 mixed 85
bench at 499: arrived 397/420, fell 0, off 0, timeout 21, failed 2, secs 68.1, bumps 1.31
ppo 500: reward/step +0.044, pg -0.005 v 0.511 ent 0.899 bc 3.136 (x0.00), 3 s | 600 journeys: arrived 92.7 %, fell 0 | clutt 97 doorw 85 stair 95 corne 95 mover 100 low 100 mixed 78
ppo 501: reward/step +0.046, pg -0.005 v 0.452 ent 0.911 bc 3.153 (x0.00), 3 s | 600 journeys: arrived 93.8 %, fell 0 | clutt 98 doorw 84 stair 98 corne 97 mover 98 low 99 mixed 85
ppo 502: reward/step +0.044, pg -0.005 v 0.454 ent 0.899 bc 3.184 (x0.00), 3 s | 600 journeys: arrived 95.0 %, fell 0 | clutt 97 doorw 87 stair 99 corne 97 mover 100 low 97 mixed 88
ppo 503: reward/step +0.046, pg -0.005 v 0.453 ent 0.911 bc 3.145 (x0.00), 3 s | 600 journeys: arrived 93.2 %, fell 0 | clutt 94 doorw 90 stair 98 corne 95 mover 100 low 98 mixed 77
ppo 504: reward/step +0.042, pg -0.005 v 0.479 ent 0.910 bc 3.143 (x0.00), 3 s | 600 journeys: arrived 94.7 %, fell 0 | clutt 93 doorw 94 stair 98 corne 93 mover 100 low 100 mixed 87
ppo 505: reward/step +0.040, pg -0.005 v 0.443 ent 0.898 bc 3.178 (x0.00), 3 s | 600 journeys: arrived 95.0 %, fell 0 | clutt 91 doorw 94 stair 95 corne 98 mover 100 low 100 mixed 86
ppo 506: reward/step +0.042, pg -0.005 v 0.423 ent 0.892 bc 3.135 (x0.00), 3 s | 600 journeys: arrived 93.3 %, fell 0 | clutt 92 doorw 89 stair 98 corne 98 mover 100 low 100 mixed 78
ppo 507: reward/step +0.040, pg -0.005 v 0.467 ent 0.889 bc 3.179 (x0.00), 3 s | 600 journeys: arrived 92.5 %, fell 0 | clutt 97 doorw 87 stair 98 corne 95 mover 100 low 100 mixed 73
ppo 508: reward/step +0.040, pg -0.004 v 0.580 ent 0.889 bc 3.230 (x0.00), 3 s | 600 journeys: arrived 91.8 %, fell 0 | clutt 89 doorw 89 stair 98 corne 95 mover 100 low 98 mixed 72
ppo 509: reward/step +0.041, pg -0.005 v 0.620 ent 0.896 bc 3.164 (x0.00), 3 s | 600 journeys: arrived 92.3 %, fell 0 | clutt 93 doorw 84 stair 98 corne 94 mover 99 low 99 mixed 79
ppo 510: reward/step +0.042, pg -0.004 v 0.494 ent 0.901 bc 3.131 (x0.00), 3 s | 600 journeys: arrived 94.3 %, fell 0 | clutt 95 doorw 88 stair 97 corne 95 mover 100 low 100 mixed 85
ppo 511: reward/step +0.042, pg -0.004 v 0.492 ent 0.893 bc 3.094 (x0.00), 3 s | 600 journeys: arrived 93.3 %, fell 0 | clutt 94 doorw 86 stair 96 corne 96 mover 100 low 100 mixed 81
ppo 512: reward/step +0.039, pg -0.004 v 0.511 ent 0.900 bc 3.125 (x0.00), 3 s | 600 journeys: arrived 91.8 %, fell 0 | clutt 87 doorw 82 stair 96 corne 96 mover 100 low 100 mixed 83
ppo 513: reward/step +0.042, pg -0.004 v 0.486 ent 0.890 bc 3.091 (x0.00), 3 s | 600 journeys: arrived 92.2 %, fell 0 | clutt 89 doorw 88 stair 96 corne 94 mover 100 low 100 mixed 78
ppo 514: reward/step +0.044, pg -0.005 v 0.430 ent 0.886 bc 3.199 (x0.00), 3 s | 600 journeys: arrived 93.3 %, fell 0 | clutt 92 doorw 82 stair 97 corne 95 mover 100 low 100 mixed 85
ppo 515: reward/step +0.043, pg -0.004 v 0.416 ent 0.886 bc 3.211 (x0.00), 3 s | 600 journeys: arrived 92.8 %, fell 0 | clutt 97 doorw 83 stair 98 corne 93 mover 100 low 100 mixed 77
ppo 516: reward/step +0.043, pg -0.004 v 0.420 ent 0.897 bc 3.227 (x0.00), 3 s | 600 journeys: arrived 92.3 %, fell 0 | clutt 98 doorw 85 stair 98 corne 92 mover 100 low 100 mixed 76
ppo 517: reward/step +0.038, pg -0.004 v 0.507 ent 0.895 bc 3.221 (x0.00), 3 s | 600 journeys: arrived 93.3 %, fell 0 | clutt 95 doorw 89 stair 97 corne 93 mover 100 low 98 mixed 84
ppo 518: reward/step +0.042, pg -0.004 v 0.474 ent 0.890 bc 3.191 (x0.00), 3 s | 600 journeys: arrived 94.8 %, fell 0 | clutt 94 doorw 93 stair 98 corne 94 mover 100 low 98 mixed 86
ppo 519: reward/step +0.040, pg -0.004 v 0.483 ent 0.881 bc 3.218 (x0.00), 3 s | 600 journeys: arrived 93.5 %, fell 0 | clutt 90 doorw 85 stair 99 corne 93 mover 100 low 100 mixed 84
bench at 519: arrived 391/420, fell 0, off 0, timeout 21, failed 8, secs 69.4, bumps 1.51
ppo 520: reward/step +0.040, pg -0.004 v 0.453 ent 0.887 bc 3.153 (x0.00), 3 s | 600 journeys: arrived 92.5 %, fell 0 | clutt 90 doorw 85 stair 96 corne 94 mover 100 low 100 mixed 81
ppo 521: reward/step +0.040, pg -0.004 v 0.492 ent 0.895 bc 3.277 (x0.00), 2 s | 600 journeys: arrived 91.5 %, fell 0 | clutt 92 doorw 83 stair 94 corne 94 mover 100 low 100 mixed 81
ppo 522: reward/step +0.039, pg -0.004 v 0.494 ent 0.892 bc 3.333 (x0.00), 2 s | 600 journeys: arrived 92.5 %, fell 0 | clutt 96 doorw 90 stair 97 corne 91 mover 100 low 100 mixed 79
ppo 523: reward/step +0.039, pg -0.004 v 0.504 ent 0.897 bc 3.352 (x0.00), 2 s | 600 journeys: arrived 92.8 %, fell 0 | clutt 95 doorw 87 stair 98 corne 95 mover 100 low 100 mixed 78
ppo 524: reward/step +0.043, pg -0.004 v 0.508 ent 0.899 bc 3.166 (x0.00), 2 s | 600 journeys: arrived 93.5 %, fell 0 | clutt 87 doorw 88 stair 99 corne 95 mover 100 low 100 mixed 85
ppo 525: reward/step +0.048, pg -0.004 v 0.440 ent 0.894 bc 3.250 (x0.00), 2 s | 600 journeys: arrived 94.5 %, fell 1 | clutt 86 doorw 90 stair 97 corne 95 mover 100 low 100 mixed 91
ppo 526: reward/step +0.041, pg -0.004 v 0.505 ent 0.897 bc 3.240 (x0.00), 2 s | 600 journeys: arrived 94.5 %, fell 1 | clutt 91 doorw 86 stair 97 corne 96 mover 100 low 100 mixed 90
ppo 527: reward/step +0.039, pg -0.004 v 0.605 ent 0.902 bc 3.218 (x0.00), 3 s | 600 journeys: arrived 94.2 %, fell 0 | clutt 89 doorw 85 stair 97 corne 97 mover 100 low 99 mixed 92
ppo 528: reward/step +0.040, pg -0.004 v 0.537 ent 0.892 bc 3.241 (x0.00), 3 s | 600 journeys: arrived 93.8 %, fell 0 | clutt 87 doorw 91 stair 97 corne 98 mover 100 low 99 mixed 82
ppo 529: reward/step +0.039, pg -0.004 v 0.584 ent 0.887 bc 3.287 (x0.00), 3 s | 600 journeys: arrived 92.8 %, fell 0 | clutt 97 doorw 88 stair 97 corne 96 mover 100 low 100 mixed 76
ppo 530: reward/step +0.042, pg -0.004 v 0.495 ent 0.903 bc 3.263 (x0.00), 3 s | 600 journeys: arrived 93.2 %, fell 0 | clutt 97 doorw 83 stair 97 corne 96 mover 100 low 100 mixed 81
ppo 531: reward/step +0.044, pg -0.004 v 0.478 ent 0.895 bc 3.270 (x0.00), 3 s | 600 journeys: arrived 93.3 %, fell 0 | clutt 94 doorw 90 stair 98 corne 95 mover 100 low 100 mixed 77
ppo 532: reward/step +0.049, pg -0.004 v 0.454 ent 0.891 bc 3.295 (x0.00), 3 s | 600 journeys: arrived 94.8 %, fell 0 | clutt 91 doorw 93 stair 100 corne 95 mover 100 low 100 mixed 85
ppo 533: reward/step +0.042, pg -0.003 v 0.515 ent 0.892 bc 3.278 (x0.00), 3 s | 600 journeys: arrived 95.0 %, fell 0 | clutt 93 doorw 93 stair 98 corne 95 mover 100 low 100 mixed 83
ppo 534: reward/step +0.038, pg -0.004 v 0.526 ent 0.887 bc 3.318 (x0.00), 3 s | 600 journeys: arrived 93.0 %, fell 0 | clutt 90 doorw 92 stair 98 corne 91 mover 100 low 100 mixed 78
ppo 535: reward/step +0.044, pg -0.004 v 0.500 ent 0.898 bc 3.248 (x0.00), 3 s | 600 journeys: arrived 92.3 %, fell 0 | clutt 90 doorw 87 stair 98 corne 93 mover 100 low 100 mixed 72
ppo 536: reward/step +0.045, pg -0.003 v 0.465 ent 0.905 bc 3.207 (x0.00), 3 s | 600 journeys: arrived 93.2 %, fell 0 | clutt 95 doorw 91 stair 95 corne 95 mover 100 low 100 mixed 74
ppo 537: reward/step +0.047, pg -0.003 v 0.434 ent 0.900 bc 3.142 (x0.00), 3 s | 600 journeys: arrived 94.5 %, fell 0 | clutt 96 doorw 88 stair 96 corne 98 mover 100 low 100 mixed 83
ppo 538: reward/step +0.045, pg -0.003 v 0.496 ent 0.897 bc 3.265 (x0.00), 3 s | 600 journeys: arrived 95.5 %, fell 0 | clutt 96 doorw 91 stair 97 corne 97 mover 100 low 100 mixed 87
ppo 539: reward/step +0.037, pg -0.003 v 0.514 ent 0.901 bc 3.228 (x0.00), 3 s | 600 journeys: arrived 92.3 %, fell 0 | clutt 94 doorw 84 stair 95 corne 94 mover 98 low 100 mixed 82
bench at 539: arrived 396/420, fell 0, off 0, timeout 19, failed 5, secs 68.4, bumps 1.10
ppo 540: reward/step +0.043, pg -0.003 v 0.475 ent 0.901 bc 3.261 (x0.00), 3 s | 600 journeys: arrived 94.0 %, fell 0 | clutt 96 doorw 91 stair 97 corne 95 mover 99 low 100 mixed 83
ppo 541: reward/step +0.047, pg -0.003 v 0.472 ent 0.900 bc 3.281 (x0.00), 3 s | 600 journeys: arrived 95.8 %, fell 0 | clutt 98 doorw 91 stair 100 corne 95 mover 100 low 98 mixed 90
ppo 542: reward/step +0.042, pg -0.003 v 0.558 ent 0.904 bc 3.211 (x0.00), 3 s | 600 journeys: arrived 94.5 %, fell 0 | clutt 94 doorw 92 stair 97 corne 95 mover 100 low 100 mixed 85
ppo 543: reward/step +0.039, pg -0.003 v 0.556 ent 0.914 bc 3.185 (x0.00), 3 s | 600 journeys: arrived 92.5 %, fell 0 | clutt 91 doorw 89 stair 96 corne 92 mover 100 low 100 mixed 82
ppo 544: reward/step +0.043, pg -0.003 v 0.570 ent 0.904 bc 3.255 (x0.00), 3 s | 600 journeys: arrived 92.8 %, fell 0 | clutt 89 doorw 87 stair 97 corne 93 mover 100 low 100 mixed 85
ppo 545: reward/step +0.041, pg -0.003 v 0.541 ent 0.894 bc 3.276 (x0.00), 3 s | 600 journeys: arrived 94.5 %, fell 0 | clutt 95 doorw 93 stair 96 corne 95 mover 100 low 98 mixed 84
ppo 546: reward/step +0.041, pg -0.003 v 0.533 ent 0.890 bc 3.203 (x0.00), 3 s | 600 journeys: arrived 93.8 %, fell 0 | clutt 95 doorw 86 stair 98 corne 95 mover 99 low 98 mixed 86
ppo 547: reward/step +0.040, pg -0.003 v 0.576 ent 0.899 bc 3.207 (x0.00), 3 s | 600 journeys: arrived 94.2 %, fell 0 | clutt 97 doorw 87 stair 100 corne 92 mover 100 low 100 mixed 88
ppo 548: reward/step +0.037, pg -0.003 v 0.524 ent 0.897 bc 3.203 (x0.00), 3 s | 600 journeys: arrived 92.8 %, fell 0 | clutt 94 doorw 83 stair 97 corne 95 mover 98 low 100 mixed 86
ppo 549: reward/step +0.048, pg -0.003 v 0.490 ent 0.905 bc 3.265 (x0.00), 3 s | 600 journeys: arrived 92.2 %, fell 0 | clutt 94 doorw 79 stair 98 corne 96 mover 100 low 98 mixed 81
ppo 550: reward/step +0.047, pg -0.003 v 0.505 ent 0.902 bc 3.292 (x0.00), 3 s | 600 journeys: arrived 93.8 %, fell 0 | clutt 93 doorw 86 stair 100 corne 92 mover 100 low 97 mixed 88
ppo 551: reward/step +0.041, pg -0.003 v 0.480 ent 0.906 bc 3.273 (x0.00), 3 s | 600 journeys: arrived 92.0 %, fell 0 | clutt 85 doorw 89 stair 98 corne 91 mover 100 low 96 mixed 82
ppo 552: reward/step +0.044, pg -0.003 v 0.529 ent 0.902 bc 3.294 (x0.00), 2 s | 600 journeys: arrived 92.8 %, fell 0 | clutt 86 doorw 88 stair 98 corne 93 mover 100 low 99 mixed 85
ppo 553: reward/step +0.046, pg -0.003 v 0.503 ent 0.903 bc 3.288 (x0.00), 2 s | 600 journeys: arrived 95.2 %, fell 0 | clutt 92 doorw 91 stair 98 corne 95 mover 98 low 100 mixed 91
ppo 554: reward/step +0.040, pg -0.003 v 0.476 ent 0.889 bc 3.321 (x0.00), 2 s | 600 journeys: arrived 94.0 %, fell 0 | clutt 93 doorw 91 stair 99 corne 95 mover 99 low 98 mixed 82
ppo 555: reward/step +0.040, pg -0.003 v 0.448 ent 0.889 bc 3.318 (x0.00), 2 s | 600 journeys: arrived 93.5 %, fell 0 | clutt 90 doorw 92 stair 98 corne 97 mover 100 low 97 mixed 79
ppo 556: reward/step +0.045, pg -0.003 v 0.474 ent 0.884 bc 3.291 (x0.00), 2 s | 600 journeys: arrived 92.8 %, fell 0 | clutt 90 doorw 88 stair 98 corne 95 mover 100 low 99 mixed 80
ppo 557: reward/step +0.045, pg -0.003 v 0.480 ent 0.886 bc 3.225 (x0.00), 2 s | 600 journeys: arrived 93.2 %, fell 0 | clutt 96 doorw 88 stair 99 corne 97 mover 99 low 100 mixed 75
ppo 558: reward/step +0.044, pg -0.003 v 0.537 ent 0.891 bc 3.212 (x0.00), 2 s | 600 journeys: arrived 94.0 %, fell 0 | clutt 98 doorw 89 stair 97 corne 96 mover 97 low 100 mixed 84
ppo 559: reward/step +0.045, pg -0.003 v 0.528 ent 0.896 bc 3.146 (x0.00), 2 s | 600 journeys: arrived 93.0 %, fell 0 | clutt 91 doorw 85 stair 97 corne 93 mover 98 low 100 mixed 85
bench at 559: arrived 397/420, fell 0, off 0, timeout 22, failed 1, secs 68.0, bumps 1.32
ppo 560: reward/step +0.041, pg -0.003 v 0.517 ent 0.888 bc 3.291 (x0.00), 2 s | 600 journeys: arrived 94.0 %, fell 0 | clutt 97 doorw 91 stair 96 corne 95 mover 100 low 100 mixed 81
ppo 561: reward/step +0.043, pg -0.003 v 0.534 ent 0.891 bc 3.202 (x0.00), 2 s | 600 journeys: arrived 93.3 %, fell 0 | clutt 93 doorw 91 stair 97 corne 94 mover 100 low 98 mixed 82
ppo 562: reward/step +0.042, pg -0.003 v 0.595 ent 0.899 bc 3.211 (x0.00), 2 s | 600 journeys: arrived 93.3 %, fell 0 | clutt 93 doorw 89 stair 97 corne 91 mover 100 low 100 mixed 86
ppo 563: reward/step +0.042, pg -0.003 v 0.523 ent 0.892 bc 3.152 (x0.00), 2 s | 600 journeys: arrived 93.7 %, fell 0 | clutt 94 doorw 93 stair 98 corne 90 mover 100 low 100 mixed 85
ppo 564: reward/step +0.041, pg -0.003 v 0.541 ent 0.886 bc 3.248 (x0.00), 2 s | 600 journeys: arrived 94.2 %, fell 0 | clutt 91 doorw 90 stair 99 corne 96 mover 100 low 100 mixed 82
ppo 565: reward/step +0.041, pg -0.003 v 0.552 ent 0.879 bc 3.226 (x0.00), 2 s | 600 journeys: arrived 93.5 %, fell 0 | clutt 90 doorw 87 stair 99 corne 98 mover 100 low 100 mixed 81
ppo 566: reward/step +0.043, pg -0.003 v 0.487 ent 0.885 bc 3.244 (x0.00), 2 s | 600 journeys: arrived 93.0 %, fell 0 | clutt 91 doorw 85 stair 97 corne 94 mover 100 low 100 mixed 87
ppo 567: reward/step +0.039, pg -0.003 v 0.520 ent 0.883 bc 3.263 (x0.00), 2 s | 600 journeys: arrived 93.5 %, fell 0 | clutt 92 doorw 89 stair 97 corne 93 mover 100 low 100 mixed 83
ppo 568: reward/step +0.043, pg -0.003 v 0.531 ent 0.889 bc 3.240 (x0.00), 2 s | 600 journeys: arrived 93.7 %, fell 0 | clutt 93 doorw 87 stair 97 corne 95 mover 100 low 100 mixed 83
ppo 569: reward/step +0.042, pg -0.003 v 0.514 ent 0.898 bc 3.174 (x0.00), 2 s | 600 journeys: arrived 93.0 %, fell 0 | clutt 89 doorw 85 stair 96 corne 97 mover 100 low 98 mixed 84
ppo 570: reward/step +0.040, pg -0.003 v 0.548 ent 0.895 bc 3.244 (x0.00), 2 s | 600 journeys: arrived 94.5 %, fell 0 | clutt 92 doorw 95 stair 96 corne 95 mover 100 low 96 mixed 87
ppo 571: reward/step +0.045, pg -0.003 v 0.475 ent 0.902 bc 3.269 (x0.00), 2 s | 600 journeys: arrived 93.8 %, fell 0 | clutt 93 doorw 89 stair 97 corne 97 mover 100 low 97 mixed 85
ppo 572: reward/step +0.044, pg -0.003 v 0.538 ent 0.914 bc 3.284 (x0.00), 2 s | 600 journeys: arrived 94.0 %, fell 0 | clutt 96 doorw 89 stair 96 corne 92 mover 100 low 100 mixed 88
ppo 573: reward/step +0.041, pg -0.003 v 0.484 ent 0.899 bc 3.129 (x0.00), 2 s | 600 journeys: arrived 95.0 %, fell 0 | clutt 98 doorw 94 stair 96 corne 95 mover 100 low 100 mixed 86
ppo 574: reward/step +0.045, pg -0.004 v 0.548 ent 0.893 bc 3.215 (x0.00), 2 s | 600 journeys: arrived 93.2 %, fell 0 | clutt 90 doorw 91 stair 98 corne 90 mover 100 low 100 mixed 86
ppo 575: reward/step +0.044, pg -0.004 v 0.527 ent 0.886 bc 3.311 (x0.00), 2 s | 600 journeys: arrived 92.3 %, fell 0 | clutt 92 doorw 96 stair 96 corne 89 mover 100 low 100 mixed 77
ppo 576: reward/step +0.046, pg -0.004 v 0.571 ent 0.891 bc 3.333 (x0.00), 2 s | 600 journeys: arrived 94.8 %, fell 0 | clutt 95 doorw 95 stair 96 corne 95 mover 100 low 98 mixed 86
ppo 577: reward/step +0.042, pg -0.003 v 0.513 ent 0.877 bc 3.268 (x0.00), 2 s | 600 journeys: arrived 93.3 %, fell 0 | clutt 96 doorw 91 stair 95 corne 93 mover 100 low 98 mixed 82
ppo 578: reward/step +0.043, pg -0.003 v 0.484 ent 0.877 bc 3.283 (x0.00), 2 s | 600 journeys: arrived 92.2 %, fell 0 | clutt 89 doorw 90 stair 97 corne 93 mover 100 low 98 mixed 77
ppo 579: reward/step +0.036, pg -0.003 v 0.561 ent 0.873 bc 3.261 (x0.00), 2 s | 600 journeys: arrived 93.3 %, fell 0 | clutt 89 doorw 92 stair 98 corne 92 mover 100 low 100 mixed 84
bench at 579: arrived 401/420, fell 0, off 0, timeout 16, failed 3, secs 68.5, bumps 1.07
  best so far (update 579)
ppo 580: reward/step +0.042, pg -0.004 v 0.406 ent 0.869 bc 3.293 (x0.00), 2 s | 600 journeys: arrived 95.3 %, fell 0 | clutt 95 doorw 90 stair 99 corne 97 mover 100 low 100 mixed 86
ppo 581: reward/step +0.042, pg -0.003 v 0.566 ent 0.872 bc 3.339 (x0.00), 2 s | 600 journeys: arrived 94.8 %, fell 0 | clutt 93 doorw 88 stair 96 corne 98 mover 100 low 100 mixed 86
ppo 582: reward/step +0.041, pg -0.003 v 0.557 ent 0.867 bc 3.256 (x0.00), 2 s | 600 journeys: arrived 93.3 %, fell 0 | clutt 91 doorw 90 stair 94 corne 96 mover 100 low 100 mixed 83
ppo 583: reward/step +0.039, pg -0.003 v 0.622 ent 0.862 bc 3.369 (x0.00), 3 s | 600 journeys: arrived 93.2 %, fell 0 | clutt 91 doorw 93 stair 92 corne 94 mover 100 low 100 mixed 86
ppo 584: reward/step +0.042, pg -0.003 v 0.572 ent 0.873 bc 3.262 (x0.00), 2 s | 600 journeys: arrived 93.0 %, fell 0 | clutt 85 doorw 92 stair 96 corne 95 mover 100 low 100 mixed 83
ppo 585: reward/step +0.046, pg -0.003 v 0.537 ent 0.876 bc 3.252 (x0.00), 2 s | 600 journeys: arrived 93.3 %, fell 0 | clutt 90 doorw 90 stair 96 corne 93 mover 100 low 100 mixed 84
ppo 586: reward/step +0.048, pg -0.003 v 0.527 ent 0.867 bc 3.328 (x0.00), 2 s | 600 journeys: arrived 95.3 %, fell 0 | clutt 97 doorw 90 stair 97 corne 96 mover 100 low 99 mixed 90
ppo 587: reward/step +0.043, pg -0.003 v 0.545 ent 0.875 bc 3.350 (x0.00), 2 s | 600 journeys: arrived 94.3 %, fell 0 | clutt 85 doorw 96 stair 97 corne 96 mover 100 low 100 mixed 85
ppo 588: reward/step +0.042, pg -0.003 v 0.498 ent 0.865 bc 3.337 (x0.00), 2 s | 600 journeys: arrived 93.5 %, fell 0 | clutt 90 doorw 94 stair 96 corne 96 mover 100 low 100 mixed 79
ppo 589: reward/step +0.044, pg -0.003 v 0.525 ent 0.875 bc 3.367 (x0.00), 2 s | 600 journeys: arrived 93.3 %, fell 0 | clutt 94 doorw 88 stair 96 corne 95 mover 100 low 100 mixed 81
ppo 590: reward/step +0.042, pg -0.003 v 0.562 ent 0.865 bc 3.324 (x0.00), 2 s | 600 journeys: arrived 92.8 %, fell 0 | clutt 91 doorw 86 stair 97 corne 92 mover 100 low 100 mixed 87
ppo 591: reward/step +0.038, pg -0.003 v 0.666 ent 0.873 bc 3.360 (x0.00), 2 s | 600 journeys: arrived 93.0 %, fell 0 | clutt 93 doorw 90 stair 97 corne 92 mover 100 low 100 mixed 81
ppo 592: reward/step +0.039, pg -0.003 v 0.587 ent 0.865 bc 3.440 (x0.00), 2 s | 600 journeys: arrived 92.2 %, fell 0 | clutt 93 doorw 85 stair 99 corne 95 mover 98 low 100 mixed 69
ppo 593: reward/step +0.043, pg -0.003 v 0.522 ent 0.872 bc 3.301 (x0.00), 2 s | 600 journeys: arrived 92.3 %, fell 0 | clutt 87 doorw 86 stair 97 corne 94 mover 98 low 100 mixed 83
ppo 594: reward/step +0.041, pg -0.003 v 0.525 ent 0.860 bc 3.362 (x0.00), 2 s | 600 journeys: arrived 93.7 %, fell 0 | clutt 86 doorw 89 stair 98 corne 94 mover 100 low 100 mixed 89
ppo 595: reward/step +0.040, pg -0.003 v 0.478 ent 0.857 bc 3.233 (x0.00), 2 s | 600 journeys: arrived 92.3 %, fell 0 | clutt 88 doorw 83 stair 96 corne 97 mover 100 low 100 mixed 82
ppo 596: reward/step +0.044, pg -0.003 v 0.520 ent 0.854 bc 3.368 (x0.00), 2 s | 600 journeys: arrived 93.3 %, fell 0 | clutt 94 doorw 86 stair 97 corne 97 mover 100 low 100 mixed 81
ppo 597: reward/step +0.043, pg -0.004 v 0.460 ent 0.888 bc 3.323 (x0.00), 2 s | 600 journeys: arrived 93.3 %, fell 0 | clutt 96 doorw 87 stair 99 corne 94 mover 100 low 100 mixed 79
ppo 598: reward/step +0.044, pg -0.003 v 0.476 ent 0.886 bc 3.245 (x0.00), 2 s | 600 journeys: arrived 95.0 %, fell 0 | clutt 95 doorw 92 stair 97 corne 96 mover 100 low 100 mixed 84
ppo 599: reward/step +0.040, pg -0.003 v 0.499 ent 0.882 bc 3.284 (x0.00), 2 s | 600 journeys: arrived 93.0 %, fell 0 | clutt 91 doorw 84 stair 96 corne 94 mover 100 low 98 mixed 88
bench at 599: arrived 394/420, fell 0, off 0, timeout 22, failed 4, secs 68.0, bumps 1.48
